models,prices,countries,name
Daytona,22500,ES,Spain
GMT-Master II,61500,ES,Spain
Yacht-Master,13800,ES,Spain
Daytona,23500,ES,Spain
Lady-Datejust,4700,ES,Spain
Sea-Dweller,15000,ES,Spain
Datejust,33337,ES,Spain
Submariner,11900,ES,Spain
Sky-Dweller,54500,ES,Spain
Submariner,14500,ES,Spain
Day-Date,45900,ES,Spain
Datejust,10500,ES,Spain
Submariner,11500,ES,Spain
Oyster Perpetual,7200,ES,Spain
Yacht-Master,11800,ES,Spain
Daytona,67500,DE,Germany
Sky-Dweller,23000,ES,Spain
Datejust,12550,ES,Spain
Daytona,106500,ES,Spain
Yacht-Master,34900,ES,Spain
GMT-Master II,17500,ES,Spain
Datejust,7500,ES,Spain
Day-Date,16995,ES,Spain
Datejust,8100,ES,Spain
Sea-Dweller,16190,ES,Spain
GMT-Master II,20900,ES,Spain
Daytona,35550,ES,Spain
Datejust,15000,ES,Spain
Daytona,73900,ES,Spain
Yacht-Master,14500,ES,Spain
Submariner,15600,ES,Spain
Oyster Perpetual,11900,DE,Germany
Lady-Datejust,8000,ES,Spain
Datejust,13471,ES,Spain
GMT-Master,12800,ES,Spain
Datejust,12550,ES,Spain
Datejust,16500,ES,Spain
Sea-Dweller,18750,ES,Spain
Explorer II,12000,ES,Spain
Datejust,9900,ES,Spain
Submariner,9995,ES,Spain
Oyster Perpetual,12500,ES,Spain
Milgauss,9900,ES,Spain
Lady-Datejust,3990,DE,Germany
Daytona,24950,ES,Spain
Sky-Dweller,21500,ES,Spain
Datejust,16900,ES,Spain
Sea-Dweller,14000,ES,Spain
Rolex,2700,ES,Spain
Lady-Datejust,16650,NL,Netherlands
Rolex,6000,ES,Spain
Sky-Dweller,36800,DE,Germany
Datejust,14250,ES,Spain
GMT-Master II,43000,ES,Spain
Submariner,17500,ES,Spain
Explorer II,12000,ES,Spain
Lady-Datejust,4000,ES,Spain
Explorer II,12250,NL,Netherlands
Datejust,9039,ES,Spain
Submariner,15990,ES,Spain
GMT-Master II,17250,ES,Spain
Sky-Dweller,25500,ES,Spain
Datejust,20500,ES,Spain
Datejust,15500,ES,Spain
Oyster Perpetual,15650,ES,Spain
Submariner,9800,ES,Spain
Datejust,9800,ES,Spain
Datejust,13000,ES,Spain
Datejust,13450,NL,Netherlands
Explorer II,11250,ES,Spain
Datejust,5150,NL,Netherlands
Day-Date,68500,ES,Spain
Datejust,13800,ES,Spain
Submariner,29000,ES,Spain
Submariner,11500,ES,Spain
Datejust,5940,ES,Spain
GMT-Master II,14995,ES,Spain
Submariner,19000,ES,Spain
Datejust,10250,ES,Spain
Oyster Perpetual,6450,NL,Netherlands
Sky-Dweller,25400,ES,Spain
Submariner,11800,ES,Spain
Oyster Perpetual,4475,ES,Spain
Datejust,14200,ES,Spain
Oyster Perpetual,6100,ES,Spain
Day-Date,20995,ES,Spain
Datejust,12735,US,United States of America
GMT-Master II,43000,ES,Spain
Datejust,5577,CH,Switzerland
Day-Date,54950,ES,Spain
Datejust,11500,ES,Spain
Daytona,60000,ES,Spain
Oyster Perpetual,2900,ES,Spain
Explorer,3200,ES,Spain
Oyster Perpetual,4295,ES,Spain
Day-Date,42500,ES,Spain
Cellini,16950,ES,Spain
Datejust,14900,RO,Romania
Milgauss,12500,ES,Spain
Milgauss,12800,ES,Spain
Submariner,9900,ES,Spain
Explorer,15900,ES,Spain
Daytona,162500,ES,Spain
Datejust,5895,ES,Spain
Daytona,59900,ES,Spain
Daytona,48650,ES,Spain
Explorer,7450,ES,Spain
Day-Date,79500,ES,Spain
Submariner,11500,ES,Spain
Oyster Perpetual,22400,ES,Spain
Daytona,105000,ES,Spain
Milgauss,10350,ES,Spain
Oyster Perpetual,4595,ES,Spain
Daytona,79500,ES,Spain
Sky-Dweller,23750,ES,Spain
Daytona,19750,ES,Spain
Datejust,13900,ES,Spain
Datejust,12500,ES,Spain
Oyster Perpetual,5600,ES,Spain
Datejust,6700,ES,Spain
Oyster Perpetual,7995,ES,Spain
Daytona,16500,ES,Spain
Oyster Perpetual,9350,ES,Spain
Oyster Perpetual,11500,ES,Spain
Daytona,54700,ES,Spain
Datejust,10300,ES,Spain
Submariner,12500,ES,Spain
Submariner,22600,ES,Spain
Day-Date,87000,ES,Spain
Precision,2995,ES,Spain
GMT-Master II,15800,ES,Spain
Sky-Dweller,21450,ES,Spain
Daytona,124500,ES,Spain
Datejust,15000,ES,Spain
Daytona,49999,US,United States of America
Lady-Datejust,2600,ES,Spain
Daytona,39900,ES,Spain
Oyster Perpetual,3895,ES,Spain
Daytona,22250,ES,Spain
Daytona,49750,ES,Spain
Day-Date,54900,ES,Spain
Sea-Dweller,15200,ES,Spain
Submariner,18800,ES,Spain
GMT-Master II,10350,ES,Spain
Day-Date,13000,ES,Spain
Day-Date,19800,ES,Spain
Day-Date,27358,US,United States of America
Yacht-Master,32950,ES,Spain
Submariner,21900,ES,Spain
Daytona,82500,ES,Spain
Submariner,17300,ES,Spain
Yacht-Master II,26500,ES,Spain
Milgauss,8000,ES,Spain
Datejust,9900,ES,Spain
Submariner,8200,ES,Spain
GMT-Master II,16980,US,United States of America
Yacht-Master II,34650,ES,Spain
GMT-Master II,36900,ES,Spain
GMT-Master II,20500,ES,Spain
GMT-Master,25000,ES,Spain
Submariner,11000,ES,Spain
Datejust,6950,ES,Spain
Daytona,40000,ES,Spain
Daytona,21697,US,United States of America
Explorer II,12550,ES,Spain
Submariner,17000,ES,Spain
Milgauss,9200,ES,Spain
Submariner,8850,ES,Spain
Submariner,17900,ES,Spain
Lady-Datejust,7900,ES,Spain
Sea-Dweller,30000,ES,Spain
Submariner,16500,ES,Spain
Explorer,8950,ES,Spain
GMT-Master II,21900,ES,Spain
GMT-Master II,21800,ES,Spain
GMT-Master II,18000,ES,Spain
Submariner,23300,ES,Spain
Yacht-Master,31500,ES,Spain
Oyster Perpetual,9400,ES,Spain
Yacht-Master,23000,ES,Spain
GMT-Master,17500,ES,Spain
Sea-Dweller,15750,ES,Spain
Daytona,61000,ES,Spain
Daytona,43900,ES,Spain
Datejust,12500,ES,Spain
Explorer II,44900,ES,Spain
Daytona,29000,ES,Spain
Oyster Perpetual,5600,ES,Spain
GMT-Master,25000,ES,Spain
Submariner,9000,ES,Spain
Yacht-Master,17850,ES,Spain
GMT-Master II,22500,ES,Spain
Datejust,13900,ES,Spain
Yacht-Master II,19800,ES,Spain
Explorer II,11000,ES,Spain
Day-Date,66900,ES,Spain
Cellini,4600,ES,Spain
Daytona,29800,ES,Spain
Day-Date,20950,ES,Spain
Sea-Dweller,16250,ES,Spain
GMT-Master II,32900,ES,Spain
Daytona,43900,ES,Spain
Milgauss,11300,ES,Spain
Oyster Perpetual,6550,ES,Spain
Lady-Datejust,10500,ES,Spain
Datejust,13207,US,United States of America
GMT-Master,28000,ES,Spain
Submariner,10500,ES,Spain
Datejust,14550,ES,Spain
Daytona,27500,ES,Spain
Daytona,41500,ES,Spain
GMT-Master II,19000,ES,Spain
Oyster Perpetual,2980,ES,Spain
Datejust,9200,ES,Spain
Explorer II,6600,ES,Spain
Oyster Perpetual,4500,ES,Spain
Datejust,7990,ES,Spain
GMT-Master II,21750,ES,Spain
Daytona,24800,ES,Spain
Day-Date,49950,ES,Spain
Submariner,12000,ES,Spain
Datejust,4050,ES,Spain
Lady-Datejust,14900,ES,Spain
Cellini,9500,ES,Spain
Submariner,36500,ES,Spain
Oyster Perpetual,8600,ES,Spain
Daytona,29244,US,United States of America
Yacht-Master,5400,ES,Spain
Datejust,20500,ES,Spain
Datejust,3487,JP,Japan
Daytona,72000,ES,Spain
Lady-Datejust,4960,ES,Spain
Submariner,10500,ES,Spain
GMT-Master,28000,ES,Spain
Submariner,15600,ES,Spain
Lady-Datejust,4905,US,United States of America
Day-Date,16000,ES,Spain
Datejust,19900,ES,Spain
Lady-Datejust,2900,ES,Spain
GMT-Master,11900,ES,Spain
Precision,3500,ES,Spain
Day-Date,16700,ES,Spain
Submariner,22000,ES,Spain
Explorer II,13500,ES,Spain
Day-Date,87735,US,United States of America
GMT-Master II,22350,ES,Spain
Daytona,47000,ES,Spain
Datejust,14490,ES,Spain
Submariner,23500,ES,Spain
Lady-Datejust,4700,ES,Spain
Day-Date,38000,ES,Spain
Lady-Datejust,3700,ES,Spain
Daytona,150000,ES,Spain
GMT-Master II,75471,US,United States of America
Oyster Perpetual,3490,ES,Spain
GMT-Master II,13900,ES,Spain
Submariner,16750,ES,Spain
Lady-Datejust,14800,ES,Spain
Datejust,4750,ES,Spain
Air King,3500,ES,Spain
Daytona,26500,ES,Spain
GMT-Master II,49056,US,United States of America
Oyster Perpetual,9450,ES,Spain
Yacht-Master,9390,ES,Spain
Oyster Perpetual,14500,ES,Spain
Oyster Perpetual,4000,ES,Spain
Lady-Datejust,5695,ES,Spain
Lady-Datejust,2900,ES,Spain
GMT-Master II,22900,ES,Spain
Submariner,16037,US,United States of America
Datejust,15000,ES,Spain
Yacht-Master,15950,ES,Spain
Explorer II,27900,ES,Spain
GMT-Master II,26850,ES,Spain
Oyster Perpetual,3650,ES,Spain
Oyster Perpetual,7500,ES,Spain
Submariner,13500,ES,Spain
Daytona,28900,ES,Spain
Datejust,6792,US,United States of America
Datejust,13000,ES,Spain
Sea-Dweller,17950,ES,Spain
GMT-Master II,39990,ES,Spain
Submariner,19500,ES,Spain
Datejust,13500,ES,Spain
Oyster Perpetual,3585,ES,Spain
Yacht-Master,8900,ES,Spain
GMT-Master II,21000,ES,Spain
Day-Date,21697,US,United States of America
Explorer II,12000,ES,Spain
Day-Date,19990,ES,Spain
Submariner,13500,ES,Spain
Air King,9600,ES,Spain
Yacht-Master II,16300,ES,Spain
Sea-Dweller,21500,ES,Spain
Daytona,55659,US,United States of America
Yacht-Master,18750,ES,Spain
Datejust,10950,ES,Spain
Lady-Datejust,6900,ES,Spain
Day-Date,18000,ES,Spain
Lady-Datejust,13500,ES,Spain
Datejust,9990,ES,Spain
Submariner,20000,ES,Spain
GMT-Master II,17900,ES,Spain
Daytona,21697,US,United States of America
Daytona,24000,ES,Spain
Daytona,110000,ES,Spain
Sea-Dweller,15500,ES,Spain
Datejust,8000,ES,Spain
Air King,4800,ES,Spain
GMT-Master,17000,ES,Spain
Daytona,26900,ES,Spain
Daytona,73584,US,United States of America
Datejust,5490,ES,Spain
Daytona,97500,ES,Spain
Day-Date,54000,ES,Spain
Oyster Perpetual,2800,ES,Spain
Lady-Datejust,6900,ES,Spain
Submariner,16000,ES,Spain
Submariner,11900,ES,Spain
Submariner,47169,US,United States of America
Oyster Perpetual,4780,ES,Spain
Daytona,45700,ES,Spain
Yacht-Master II,20450,ES,Spain
GMT-Master II,11450,ES,Spain
Oyster Perpetual,3300,ES,Spain
GMT-Master,33900,ES,Spain
GMT-Master II,12000,ES,Spain
Oyster Perpetual,6300,ES,Spain
GMT-Master II,19810,US,United States of America
Yacht-Master,10890,ES,Spain
GMT-Master II,58900,ES,Spain
Yacht-Master,31400,ES,Spain
Yacht-Master,15800,ES,Spain
Explorer,16500,ES,Spain
Oyster Perpetual,2900,ES,Spain
Cellini,2800,ES,Spain
Yacht-Master,28900,ES,Spain
Lady-Datejust,3773,US,United States of America
Lady-Datejust,3350,ES,Spain
Datejust,19900,ES,Spain
Sea-Dweller,16750,ES,Spain
Submariner,14500,ES,Spain
Cellini,3500,ES,Spain
Submariner,13679,ES,Spain
Submariner,15000,ES,Spain
GMT-Master II,23900,ES,Spain
Daytona,66037,US,United States of America
Datejust,17500,ES,Spain
GMT-Master II,44500,ES,Spain
Yacht-Master II,45900,ES,Spain
Oyster Perpetual,10450,ES,Spain
Yacht-Master,34900,ES,Spain
Yacht-Master,8300,ES,Spain
Oyster Perpetual,12000,ES,Spain
Daytona,46900,ES,Spain
Submariner,13678,US,United States of America
GMT-Master II,44900,ES,Spain
Datejust,5500,ES,Spain
Datejust,20000,ES,Spain
Datejust,5850,ES,Spain
Day-Date,54800,ES,Spain
Day-Date,62000,ES,Spain
Lady-Datejust,5400,ES,Spain
Lady-Datejust,17900,ES,Spain
Datejust,17924,US,United States of America
GMT-Master,25000,ES,Spain
Datejust,6300,ES,Spain
Submariner,55950,ES,Spain
Air King,10200,ES,Spain
Datejust,19900,ES,Spain
Submariner,34900,ES,Spain
Daytona,62900,ES,Spain
Yacht-Master,17900,ES,Spain
Lady-Datejust,8018,US,United States of America
Datejust,12450,ES,Spain
Submariner,15000,ES,Spain
Sea-Dweller,19000,ES,Spain
Oyster Perpetual,3300,ES,Spain
Datejust,6765,ES,Spain
Lady-Datejust,3950,ES,Spain
Submariner,11400,ES,Spain
Lady-Datejust,4716,US,United States of America
Datejust,5350,ES,Spain
Submariner,19500,ES,Spain
Submariner,17500,ES,Spain
GMT-Master II,15000,ES,Spain
Submariner,28000,ES,Spain
Datejust,9900,ES,Spain
Day-Date,44900,ES,Spain
Oyster Perpetual,5500,ES,Spain
Oyster Perpetual,4200,ES,Spain
Daytona,80000,ES,Spain
Submariner,17500,ES,Spain
Submariner,11900,ES,Spain
Datejust,5394,ES,Spain
Daytona,59000,ES,Spain
Daytona,53000,ES,Spain
Datejust,5950,ES,Spain
Datejust,16700,ES,Spain
Day-Date,46300,ES,Spain
Yacht-Master,31900,ES,Spain
Submariner,13850,ES,Spain
Day-Date,45500,ES,Spain
Daytona,83879,ES,Spain
Lady-Datejust,3950,ES,Spain
Datejust,15900,ES,Spain
Daytona,51900,ES,Spain
Submariner,20000,ES,Spain
Oyster Perpetual,4500,ES,Spain
Submariner,18000,ES,Spain
Cellini,3500,ES,Spain
Daytona,40850,ES,Spain
Oyster Perpetual,2200,ES,Spain
Daytona,49900,ES,Spain
GMT-Master II,13600,ES,Spain
Datejust,5850,ES,Spain
Day-Date,54900,ES,Spain
Daytona,43900,ES,Spain
Lady-Datejust,35000,ES,Spain
Lady-Datejust,3950,ES,Spain
Datejust,16300,ES,Spain
GMT-Master II,11500,ES,Spain
Daytona,53450,ES,Spain
GMT-Master II,21000,ES,Spain
Submariner,11500,ES,Spain
Oyster Perpetual,13000,ES,Spain
Cellini,2950,ES,Spain
GMT-Master II,22800,ES,Spain
Oyster Perpetual,3450,ES,Spain
Datejust,3936,ES,Spain
Daytona,42900,ES,Spain
Day-Date,54000,ES,Spain
Submariner,14900,ES,Spain
Daytona,52900,ES,Spain
Cellini,3700,ES,Spain
Day-Date,15000,ES,Spain
GMT-Master II,17000,ES,Spain
Day-Date,56000,ES,Spain
Sea-Dweller,10990,ES,Spain
Daytona,54900,ES,Spain
Yacht-Master,14600,ES,Spain
Oyster Perpetual,5200,ES,Spain
Datejust,14500,ES,Spain
Submariner,13500,ES,Spain
Daytona,59500,ES,Spain
Rolex,4900,ES,Spain
Oyster Perpetual,6290,ES,Spain
Oyster Perpetual,4700,ES,Spain
Air King,4500,ES,Spain
Datejust,5300,ES,Spain
Oyster Perpetual,11500,ES,Spain
GMT-Master,19000,ES,Spain
Milgauss,15900,ES,Spain
Lady-Datejust,3400,ES,Spain
Milgauss,11750,ES,Spain
Yacht-Master,13400,ES,Spain
Daytona,40800,ES,Spain
Submariner,13000,ES,Spain
Datejust,12690,ES,Spain
Lady-Datejust,3500,ES,Spain
Day-Date,12000,ES,Spain
Lady-Datejust,12000,ES,Spain
Oyster Perpetual,2200,ES,Spain
Lady-Datejust,3950,ES,Spain
Explorer II,13300,ES,Spain
Oyster Perpetual,2800,ES,Spain
GMT-Master II,21750,ES,Spain
Oyster Perpetual,4650,ES,Spain
Day-Date,65500,ES,Spain
Day-Date,71900,ES,Spain
Daytona,27500,ES,Spain
Lady-Datejust,5400,ES,Spain
Datejust,10700,ES,Spain
Daytona,49900,ES,Spain
Oyster Perpetual,9000,ES,Spain
Oyster Perpetual,4500,ES,Spain
Day-Date,12850,ES,Spain
Day-Date,12500,ES,Spain
Submariner,10800,ES,Spain
Datejust,13900,ES,Spain
Submariner,18500,ES,Spain
Daytona,23500,ES,Spain
Datejust,19500,ES,Spain
Daytona,43000,ES,Spain
GMT-Master,14500,ES,Spain
Oyster Perpetual,7600,ES,Spain
GMT-Master II,11250,ES,Spain
Explorer II,9900,ES,Spain
Submariner,11300,ES,Spain
Air King,11500,ES,Spain
Datejust,14100,ES,Spain
Oyster Perpetual,4500,ES,Spain
GMT-Master,18000,ES,Spain
Datejust,6900,ES,Spain
Rolex,7990,ES,Spain
Day-Date,75900,ES,Spain
Rolex,19990,ES,Spain
Sea-Dweller,15900,ES,Spain
Precision,2750,ES,Spain
Daytona,50000,ES,Spain
Oyster Perpetual,5900,ES,Spain
Daytona,23500,ES,Spain
Day-Date,19500,ES,Spain
Air King,10500,ES,Spain
Rolex,3500,ES,Spain
Datejust,15400,ES,Spain
Oyster Perpetual,3400,ES,Spain
Datejust,16500,ES,Spain
Day-Date,47900,ES,Spain
Submariner,13450,ES,Spain
Rolex,2800,ES,Spain
Daytona,43900,ES,Spain
Datejust,15690,ES,Spain
GMT-Master II,45000,ES,Spain
Sea-Dweller,12500,ES,Spain
Sea-Dweller,25500,ES,Spain
Lady-Datejust,3750,ES,Spain
Sky-Dweller,25950,ES,Spain
Datejust,19900,ES,Spain
Air King,3100,ES,Spain
Lady-Datejust,3500,ES,Spain
Datejust,12800,ES,Spain
Daytona,81500,ES,Spain
Sea-Dweller,61231,ES,Spain
Datejust,14500,ES,Spain
GMT-Master II,43900,ES,Spain
Datejust,15900,ES,Spain
Submariner,17900,ES,Spain
Explorer,8250,ES,Spain
Daytona,54500,ES,Spain
Submariner,11000,ES,Spain
Daytona,52478,ES,Spain
Daytona,23500,ES,Spain
Datejust,10500,ES,Spain
Submariner,15600,ES,Spain
Oyster Perpetual,8560,ES,Spain
Datejust,12800,ES,Spain
Oyster Perpetual,4900,ES,Spain
Submariner,10600,ES,Spain
Lady-Datejust,3550,ES,Spain
Precision,4750,ES,Spain
GMT-Master II,18500,ES,Spain
Datejust,7400,ES,Spain
Datejust,8300,ES,Spain
Datejust,15900,ES,Spain
Datejust,13500,ES,Spain
Datejust,4180,ES,Spain
Sea-Dweller,14609,ES,Spain
Precision,2800,ES,Spain
Milgauss,12990,ES,Spain
Datejust,15000,ES,Spain
Rolex,3450,ES,Spain
Datejust,19900,ES,Spain
Submariner,20000,ES,Spain
Oyster Perpetual,2750,ES,Spain
Submariner,44000,ES,Spain
Oyster Perpetual,10900,ES,Spain
Day-Date,46900,ES,Spain
Datejust,9900,ES,Spain
Submariner,16000,ES,Spain
Rolex,10900,ES,Spain
Day-Date,61900,ES,Spain
Datejust,11000,ES,Spain
GMT-Master II,16500,ES,Spain
GMT-Master II,19500,ES,Spain
Oyster Perpetual,2900,ES,Spain
Submariner,12500,ES,Spain
GMT-Master II,25900,ES,Spain
Air King,3500,ES,Spain
Sea-Dweller,15100,ES,Spain
Submariner,16400,ES,Spain
GMT-Master II,19490,ES,Spain
Oyster Perpetual,2950,ES,Spain
Submariner,16000,ES,Spain
Daytona,40000,ES,Spain
Oyster Perpetual,8975,ES,Spain
Milgauss,8500,ES,Spain
Datejust,9906,ES,Spain
GMT-Master II,21000,ES,Spain
Submariner,14500,ES,Spain
GMT-Master,24000,ES,Spain
Explorer,9490,ES,Spain
Submariner,13990,ES,Spain
Datejust,19900,ES,Spain
Submariner,18900,ES,Spain
Datejust,15000,ES,Spain
Oyster Perpetual,4900,ES,Spain
Yacht-Master,22000,ES,Spain
Datejust,4500,ES,Spain
Rolex Oyster,2650,ES,Spain
Yacht-Master II,35900,ES,Spain
Datejust,15900,ES,Spain
Oyster Perpetual,5490,ES,Spain
Sea-Dweller,14500,ES,Spain
Daytona,125000,ES,Spain
Daytona,28500,ES,Spain
Day-Date,48000,ES,Spain
GMT-Master,25500,ES,Spain
Datejust,12000,ES,Spain
GMT-Master II,19900,ES,Spain
Oyster Perpetual,4300,ES,Spain
Datejust,14500,ES,Spain
Precision,3395,ES,Spain
Submariner,16090,ES,Spain
Explorer II,10750,ES,Spain
Datejust,13500,ES,Spain
GMT-Master II,18900,ES,Spain
Daytona,49800,ES,Spain
Explorer II,9500,ES,Spain
Submariner,15490,ES,Spain
Explorer II,10950,ES,Spain
Day-Date,8900,ES,Spain
Yacht-Master,18700,ES,Spain
Datejust,13890,ES,Spain
Daytona,31900,ES,Spain
Explorer,8800,ES,Spain
Oyster Perpetual,4500,ES,Spain
Sky-Dweller,41000,ES,Spain
Explorer II,10900,ES,Spain
Oyster Perpetual,9400,ES,Spain
Datejust,11490,ES,Spain
Datejust,10000,ES,Spain
Oyster Perpetual,2900,ES,Spain
Daytona,17999,ES,Spain
Daytona,29500,ES,Spain
Datejust,8500,ES,Spain
Oyster Perpetual,7500,ES,Spain
Submariner,17250,ES,Spain
Submariner,35000,ES,Spain
Air King,10750,ES,Spain
Datejust,11000,ES,Spain
Sea-Dweller,54800,ES,Spain
Day-Date,90000,ES,Spain
Submariner,13695,ES,Spain
Datejust,8800,ES,Spain
Daytona,42900,ES,Spain
Datejust,13800,ES,Spain
Oyster Perpetual,6250,ES,Spain
GMT-Master II,23900,ES,Spain
Explorer II,8750,ES,Spain
Explorer,13000,ES,Spain
Sky-Dweller,22000,ES,Spain
Submariner,12000,ES,Spain
Datejust,14499,ES,Spain
GMT-Master,14500,ES,Spain
Daytona,52000,ES,Spain
Datejust,6350,ES,Spain
Sea-Dweller,13900,ES,Spain
GMT-Master II,15000,ES,Spain
Oyster Perpetual,8500,ES,Spain
Air King,10150,ES,Spain
Submariner,24900,ES,Spain
Lady-Datejust,11500,ES,Spain
Oyster Perpetual,6750,ES,Spain
GMT-Master II,19000,ES,Spain
Explorer,11600,ES,Spain
Datejust,9000,ES,Spain
Datejust,15000,ES,Spain
Sea-Dweller,15550,ES,Spain
Datejust,9800,ES,Spain
Day-Date,16863,ES,Spain
Daytona,47000,ES,Spain
Air King,9450,ES,Spain
Day-Date,44900,ES,Spain
Sea-Dweller,15150,ES,Spain
Cellini,4800,ES,Spain
Oyster Perpetual,7650,ES,Spain
Lady-Datejust,4500,ES,Spain
Submariner,22000,ES,Spain
Daytona,25500,ES,Spain
Submariner,17500,ES,Spain
Sky-Dweller,21000,ES,Spain
Submariner,15500,ES,Spain
GMT-Master II,29000,ES,Spain
Oyster Perpetual,6200,ES,Spain
Submariner,12500,ES,Spain
Submariner,25000,ES,Spain
Daytona,39000,ES,Spain
GMT-Master II,16700,ES,Spain
Daytona,40000,ES,Spain
GMT-Master II,18000,ES,Spain
GMT-Master II,14500,ES,Spain
Oyster Perpetual,7500,ES,Spain
Sky-Dweller,25700,ES,Spain
Submariner,16500,ES,Spain
Day-Date,49850,ES,Spain
Yacht-Master,16590,ES,Spain
Sea-Dweller,17450,ES,Spain
Submariner,17590,ES,Spain
Rolex Chronograph,35000,ES,Spain
GMT-Master II,20950,ES,Spain
Datejust,12500,ES,Spain
Datejust,7500,ES,Spain
Milgauss,12900,ES,Spain
Daytona,22500,ES,Spain
Datejust,11390,ES,Spain
Submariner,16000,ES,Spain
Yacht-Master II,28750,ES,Spain
Yacht-Master,16000,ES,Spain
Daytona,44435,ES,Spain
Submariner,17500,ES,Spain
Datejust,12500,ES,Spain
Submariner,13200,ES,Spain
Oyster Perpetual,9500,ES,Spain
Yacht-Master,33000,ES,Spain
Oyster Perpetual,11450,ES,Spain
Sea-Dweller,15750,ES,Spain
GMT-Master II,17500,ES,Spain
Datejust,6900,ES,Spain
Datejust,12500,ES,Spain
Lady-Datejust,4500,ES,Spain
Yacht-Master,16000,ES,Spain
Day-Date,19000,ES,Spain
Explorer,9000,ES,Spain
Oyster Perpetual,6999,ES,Spain
Datejust,17500,ES,Spain
Submariner,17200,ES,Spain
Datejust,7700,ES,Spain
GMT-Master II,17990,ES,Spain
Submariner,12200,ES,Spain
GMT-Master,12000,ES,Spain
Submariner,10650,ES,Spain
Oyster Perpetual,13996,ES,Spain
Sky-Dweller,44000,ES,Spain
Daytona,25500,ES,Spain
Datejust,9000,ES,Spain
Oyster Perpetual,5450,ES,Spain
Yacht-Master,8850,ES,Spain
Lady-Datejust,7993,ES,Spain
Datejust,18990,ES,Spain
Cellini,3800,ES,Spain
GMT-Master II,24000,ES,Spain
Datejust,5790,ES,Spain
GMT-Master II,23950,ES,Spain
Datejust,8900,ES,Spain
Explorer II,7900,ES,Spain
Sea-Dweller,20410,ES,Spain
GMT-Master II,22890,ES,Spain
GMT-Master II,14971,ES,Spain
Submariner,15800,ES,Spain
Sky-Dweller,42450,ES,Spain
Submariner,21000,ES,Spain
Lady-Datejust,4955,ES,Spain
Sea-Dweller,19900,ES,Spain
Sky-Dweller,50000,ES,Spain
Submariner,17000,ES,Spain
Lady-Datejust,5093,ES,Spain
Daytona,30000,ES,Spain
Datejust,4000,NL,Netherlands
Oyster Perpetual,7424,ES,Spain
Datejust,6200,ES,Spain
Submariner,11900,ES,Spain
Yacht-Master,19500,ES,Spain
GMT-Master II,19450,ES,Spain
Oyster Perpetual,7999,ES,Spain
Oyster Perpetual,4300,ES,Spain
Milgauss,10499,ES,Spain
Oyster Perpetual,8850,ES,Spain
Oyster Perpetual,16750,ES,Spain
Oyster Perpetual,2800,ES,Spain
Oyster Perpetual,5000,ES,Spain
Datejust,16250,ES,Spain
Submariner,17290,ES,Spain
Oyster Perpetual,9000,ES,Spain
GMT-Master II,14200,ES,Spain
Datejust,17000,ES,Spain
Daytona,23800,ES,Spain
Daytona,23999,ES,Spain
Oyster Perpetual,3650,ES,Spain
Sea-Dweller,14500,ES,Spain
GMT-Master II,14000,ES,Spain
Oyster Perpetual,3900,ES,Spain
Submariner,18500,ES,Spain
Submariner,18500,ES,Spain
Submariner,13500,ES,Spain
Lady-Datejust,6059,ES,Spain
Submariner,17990,ES,Spain
Oyster Perpetual,2200,ES,Spain
Submariner,17300,ES,Spain
Datejust,6000,ES,Spain
Datejust,19500,ES,Spain
Oyster Perpetual,12750,ES,Spain
Air King,10099,ES,Spain
Datejust,9800,ES,Spain
Cellini,3399,HU,Hungary
Yacht-Master,7499,ES,Spain
GMT-Master,16900,ES,Spain
Datejust,5200,ES,Spain
Oyster Perpetual,14500,ES,Spain
Oyster Perpetual,7890,ES,Spain
Explorer II,8250,ES,Spain
Datejust,14450,ES,Spain
Air King,4200,ES,Spain
Oyster Perpetual,6950,ES,Spain
Datejust,12850,ES,Spain
Submariner,14500,ES,Spain
Sky-Dweller,43750,ES,Spain
Oyster Perpetual,3500,ES,Spain
Air King,13900,ES,Spain
Oyster Perpetual,4700,ES,Spain
Datejust,7432,ES,Spain
Oyster Perpetual,4200,ES,Spain
Yacht-Master,12500,ES,Spain
Daytona,60000,ES,Spain
Daytona,27800,ES,Spain
Oyster Perpetual,5900,ES,Spain
Submariner,8500,ES,Spain
Daytona,46500,ES,Spain
Daytona,35000,ES,Spain
Rolex Prince,7900,ES,Spain
Lady-Datejust,4400,ES,Spain
Daytona,44000,ES,Spain
Datejust,19500,ES,Spain
Oyster Perpetual,3750,ES,Spain
Submariner,18000,ES,Spain
Datejust,5500,ES,Spain
Air King,4900,ES,Spain
Datejust,12250,ES,Spain
GMT-Master II,15800,ES,Spain
Datejust,12900,ES,Spain
Lady-Datejust,4400,ES,Spain
Daytona,79000,ES,Spain
Oyster Perpetual,3390,ES,Spain
Rolex,4400,ES,Spain
Lady-Datejust,12900,ES,Spain
Day-Date,14900,ES,Spain
GMT-Master,21800,ES,Spain
Lady-Datejust,4490,ES,Spain
Day-Date,41950,ES,Spain
Oyster Perpetual,4800,ES,Spain
Oyster Perpetual,4650,ES,Spain
Oyster Perpetual,8900,ES,Spain
Oyster Perpetual,5441,ES,Spain
Air King,4200,ES,Spain
Submariner,15500,ES,Spain
Milgauss,12190,PL,Poland
Lady-Datejust,9500,ES,Spain
Oyster Perpetual,5590,ES,Spain
Submariner,10500,ES,Spain
Oyster Perpetual,3850,ES,Spain
Datejust,5500,ES,Spain
Datejust,6950,ES,Spain
GMT-Master II,14500,ES,Spain
Daytona,22857,PL,Poland
GMT-Master II,30500,ES,Spain
Air King,6800,ES,Spain
Lady-Datejust,5500,ES,Spain
Rolex,5390,ES,Spain
Air King,4200,ES,Spain
Day-Date,28500,ES,Spain
Datejust,8800,ES,Spain
Explorer II,8000,ES,Spain
Daytona,28450,ES,Spain
Lady-Datejust,4630,ES,Spain
Oyster Perpetual,2500,ES,Spain
Rolex Pearlmaster,57000,ES,Spain
Oyster Perpetual,5500,ES,Spain
Oyster Perpetual,17850,PL,Poland
Oyster Perpetual,5700,ES,Spain
Air King,4200,ES,Spain
Cellini,6500,ES,Spain
Lady-Datejust,3900,ES,Spain
Datejust,6800,ES,Spain
Oyster Perpetual,2300,ES,Spain
Oyster Perpetual,6400,ES,Spain
Oyster Perpetual,6700,ES,Spain
Oyster Perpetual,3900,ES,Spain
GMT-Master II,11500,ES,Spain
Oyster Perpetual,7900,ES,Spain
Submariner,14500,ES,Spain
Daytona,65000,ES,Spain
Sea-Dweller,20755,US,United States of America
Sea-Dweller,16264,US,United States of America
Oyster Perpetual,3850,ES,Spain
Sea-Dweller,14244,US,United States of America
Air King,4200,ES,Spain
GMT-Master II,52500,ES,Spain
Submariner,10000,ES,Spain
Rolex Chronograph,17500,ES,Spain
Oyster Perpetual,13700,ES,Spain
Oyster Perpetual,5500,ES,Spain
Oyster Perpetual,4300,ES,Spain
Datejust,7050,ES,Spain
Rolex,7500,ES,Spain
Oyster Perpetual,5500,ES,Spain
Oyster Perpetual,3995,ES,Spain
Air King,5200,ES,Spain
Oyster Perpetual,4500,ES,Spain
Day-Date,47000,ES,Spain
Oyster Perpetual,2000,ES,Spain
Oyster Perpetual,5500,ES,Spain
Day-Date,12900,ES,Spain
Oyster Perpetual,5500,ES,Spain
Precision,6500,ES,Spain
Cellini,6300,ES,Spain
Oyster Perpetual,3500,ES,Spain
Lady-Datejust,9500,ES,Spain
Datejust,12500,ES,Spain
Day-Date,34000,ES,Spain
Oyster Perpetual,3500,ES,Spain
Oyster Perpetual,5300,ES,Spain
Oyster Perpetual,5500,ES,Spain
Daytona,24500,ES,Spain
Lady-Datejust,3950,ES,Spain
Oyster Perpetual,11500,ES,Spain
Daytona,40000,ES,Spain
Air King,4200,ES,Spain
Oyster Perpetual,4500,ES,Spain
Oyster Perpetual,5000,ES,Spain
Oyster Perpetual,3000,ES,Spain
Oyster Perpetual,5900,ES,Spain
Oyster Perpetual,5500,ES,Spain
Datejust,5700,ES,Spain
Lady-Datejust,4500,ES,Spain
Oyster Perpetual,5700,ES,Spain
Day-Date,12800,ES,Spain
Day-Date,37500,ES,Spain
Cellini,3500,ES,Spain
Cellini,3500,ES,Spain
Oyster Perpetual,2850,ES,Spain
Submariner,11000,ES,Spain
Lady-Datejust,5200,ES,Spain
Yacht-Master II,22900,ES,Spain
Air King,5200,ES,Spain
Datejust,6500,ES,Spain
Air King,5200,ES,Spain
Rolex,4500,ES,Spain
Oyster Perpetual,5300,ES,Spain
Oyster Perpetual,5500,ES,Spain
Oyster Perpetual,5700,ES,Spain
Day-Date,49000,ES,Spain
Datejust,5700,ES,Spain
Sky-Dweller,49500,ES,Spain
Datejust,8900,ES,Spain
Oyster Perpetual,5500,ES,Spain
Oyster Perpetual,5900,ES,Spain
Air King,4200,ES,Spain
Oyster Perpetual,5500,ES,Spain
Datejust,6500,ES,Spain
Air King,5200,ES,Spain
Cellini,4950,ES,Spain
Day-Date,15995,ES,Spain
Oyster Perpetual,5500,ES,Spain
GMT-Master,95000,ES,Spain
Oyster Perpetual,6500,ES,Spain
Datejust,13500,ES,Spain
Lady-Datejust,3200,ES,Spain
Oyster Perpetual,5500,ES,Spain
Oyster Perpetual,5950,ES,Spain
Datejust,6800,ES,Spain
Rolex,18000,ES,Spain
Lady-Datejust,3650,ES,Spain
GMT-Master,16150,ES,Spain
Air King,5200,ES,Spain
GMT-Master,13500,ES,Spain
Explorer,8900,ES,Spain
Submariner,23500,ES,Spain
Submariner,9500,ES,Spain
Oyster Perpetual,5500,ES,Spain
Lady-Datejust,5500,ES,Spain
Day-Date,18500,ES,Spain
GMT-Master II,12500,ES,Spain
Air King,6800,ES,Spain
Day-Date,13700,ES,Spain
Datejust,6500,ES,Spain
Oyster Perpetual,5300,ES,Spain
Datejust,29500,ES,Spain
Datejust,6500,ES,Spain
Submariner,22500,ES,Spain
Datejust,5700,ES,Spain
Lady-Datejust,4850,ES,Spain
Datejust,8800,ES,Spain
GMT-Master II,10900,ES,Spain
Rolex,2300,ES,Spain
Lady-Datejust,11900,ES,Spain
Datejust,14950,ES,Spain
Datejust,6500,ES,Spain
Datejust,5990,NL,Netherlands
Datejust,7400,ES,Spain
Lady-Datejust,4500,ES,Spain
Datejust,4500,ES,Spain
Lady-Datejust,4850,ES,Spain
Rolex,5300,ES,Spain
Datejust,8900,ES,Spain
Lady-Datejust,9500,ES,Spain
Day-Date,13700,ES,Spain
Submariner,150000,ES,Spain
Oyster Perpetual,5500,ES,Spain
Day-Date,13200,ES,Spain
Datejust,21500,ES,Spain
Lady-Datejust,5400,ES,Spain
Oyster Perpetual,5500,ES,Spain
GMT-Master II,14500,ES,Spain
Datejust,10000,ES,Spain
Air King,5200,ES,Spain
Lady-Datejust,6500,ES,Spain
Datejust,5350,ES,Spain
Submariner,9500,ES,Spain
Rolex,4490,ES,Spain
Oyster Perpetual,4500,ES,Spain
Oyster Perpetual,8500,ES,Spain
Cellini,3350,ES,Spain
Oyster Perpetual,10500,ES,Spain
Submariner,10500,ES,Spain
Oyster Perpetual,2700,ES,Spain
Daytona,28500,ES,Spain
Submariner,10500,ES,Spain
Datejust,5000,ES,Spain
Day-Date,14500,ES,Spain
Lady-Datejust,7200,ES,Spain
Oyster Perpetual,4100,ES,Spain
Sea-Dweller,9500,ES,Spain
Oyster Perpetual,4500,ES,Spain
Oyster Perpetual,3500,ES,Spain
Datejust,12800,ES,Spain
Datejust,6500,ES,Spain
Day-Date,17500,ES,Spain
GMT-Master II,17500,ES,Spain
Datejust,3450,ES,Spain
Rolex,8000,ES,Spain
Datejust,6900,ES,Spain
Lady-Datejust,3890,ES,Spain
Datejust,9500,ES,Spain
Oyster Perpetual,7900,ES,Spain
Explorer,8290,ES,Spain
Submariner,10500,ES,Spain
Oyster Perpetual,6300,ES,Spain
Oyster Perpetual,3600,ES,Spain
GMT-Master,13300,ES,Spain
Datejust,7500,DE,Germany
Datejust,3600,ES,Spain
Datejust,12500,ES,Spain
Submariner,16800,ES,Spain
Oyster Perpetual,7450,ES,Spain
Oyster Perpetual,3700,ES,Spain
Oyster Perpetual,2450,ES,Spain
Datejust,5850,ES,Spain
Submariner,20500,ES,Spain
Oyster Perpetual,6850,ES,Spain
Oyster Perpetual,3950,ES,Spain
Day-Date,33500,ES,Spain
GMT-Master,14500,ES,Spain
Air King,8750,ES,Spain
Datejust,5250,NL,Netherlands
Cellini,6400,ES,Spain
Datejust,4100,ES,Spain
Oyster Perpetual,2350,ES,Spain
Datejust,4800,ES,Spain
Lady-Datejust,6000,ES,Spain
Submariner,10500,ES,Spain
Datejust,5500,ES,Spain
Lady-Datejust,5800,ES,Spain
Datejust,7300,ES,Spain
Oyster Perpetual,4800,ES,Spain
Datejust,13500,ES,Spain
Sea-Dweller,10500,ES,Spain
Oyster Perpetual,4250,ES,Spain
Oyster Perpetual,2500,ES,Spain
Lady-Datejust,4800,ES,Spain
Rolex,4200,ES,Spain
Day-Date,16950,ES,Spain
Oyster Perpetual,5500,ES,Spain
Oyster Perpetual,4950,ES,Spain
Datejust,7000,ES,Spain
Yacht-Master,11995,ES,Spain
Datejust,5000,ES,Spain
Oyster Perpetual,5500,ES,Spain
Datejust,5100,ES,Spain
GMT-Master,18500,ES,Spain
Datejust,5750,ES,Spain
Oyster Perpetual,2200,ES,Spain
Oyster Perpetual,3100,ES,Spain
Submariner,9500,ES,Spain
Datejust,4400,ES,Spain
Sea-Dweller,15500,ES,Spain
Oyster Perpetual,2300,ES,Spain
Lady-Datejust,5950,ES,Spain
Oyster Perpetual,4200,ES,Spain
Oyster Perpetual,1950,ES,Spain
Oyster Perpetual,4200,ES,Spain
Lady-Datejust,6250,ES,Spain
Datejust,5000,ES,Spain
Oyster Perpetual,6500,ES,Spain
GMT-Master,13200,ES,Spain
Oyster Perpetual,5000,ES,Spain
Submariner,10500,ES,Spain
Lady-Datejust,4200,ES,Spain
Air King,3650,ES,Spain
Submariner,16500,ES,Spain
Oyster Perpetual,2400,ES,Spain
Lady-Datejust,4500,ES,Spain
Datejust,7350,ES,Spain
Rolex Prince,3800,ES,Spain
Oyster Perpetual,2800,ES,Spain
Daytona,28990,ES,Spain
Oyster Perpetual,2850,ES,Spain
Submariner,10000,ES,Spain
Submariner,15500,ES,Spain
Lady-Datejust,3650,ES,Spain
Lady-Datejust,4650,ES,Spain
Lady-Datejust,4000,ES,Spain
Lady-Datejust,5900,ES,Spain
Datejust,4800,ES,Spain
Day-Date,23900,ES,Spain
Datejust,10200,ES,Spain
Oyster Perpetual,2500,ES,Spain
Lady-Datejust,4550,ES,Spain
Submariner,22200,ES,Spain
Datejust,13800,ES,Spain
Datejust,5200,ES,Spain
Cellini,2400,ES,Spain
Oyster Perpetual,5500,ES,Spain
Lady-Datejust,3800,ES,Spain
Sea-Dweller,9500,ES,Spain
Oyster Perpetual,3700,ES,Spain
Milgauss,9990,ES,Spain
Oyster Perpetual,2600,ES,Spain
Datejust,5850,ES,Spain
Datejust,8500,ES,Spain
Lady-Datejust,4400,ES,Spain
Lady-Datejust,6000,ES,Spain
Submariner,25000,ES,Spain
Precision,3990,ES,Spain
Day-Date,28800,ES,Spain
Oyster Perpetual,6200,ES,Spain
Lady-Datejust,6000,ES,Spain
Lady-Datejust,8000,ES,Spain
Datejust,5650,ES,Spain
Datejust,6950,ES,Spain
Datejust,6500,ES,Spain
Yacht-Master,13350,ES,Spain
Daytona,25200,ES,Spain
Air King,4200,ES,Spain
Oyster Perpetual,2600,ES,Spain
Oyster Perpetual,4800,ES,Spain
Daytona,23550,ES,Spain
Datejust,6500,ES,Spain
Datejust,6500,ES,Spain
Oyster Perpetual,3500,ES,Spain
Lady-Datejust,3800,ES,Spain
GMT-Master II,11600,ES,Spain
Oyster Perpetual,3090,ES,Spain
Submariner,12000,ES,Spain
Oyster Perpetual,12000,ES,Spain
Lady-Datejust,5000,ES,Spain
Lady-Datejust,4100,ES,Spain
Oyster Perpetual,2850,ES,Spain
Datejust,4800,ES,Spain
Lady-Datejust,4350,ES,Spain
Datejust,4400,ES,Spain
Oyster Perpetual,3100,ES,Spain
GMT-Master II,15900,ES,Spain
Lady-Datejust,4500,ES,Spain
Datejust,7200,ES,Spain
Lady-Datejust,8000,ES,Spain
Daytona,46200,ES,Spain
Datejust,10550,ES,Spain
Lady-Datejust,3900,ES,Spain
Daytona,26890,ES,Spain
GMT-Master II,12100,ES,Spain
Rolex,2800,ES,Spain
Oyster Perpetual,5200,ES,Spain
Datejust,6220,ES,Spain
Datejust,7500,ES,Spain
Oyster Perpetual,6400,ES,Spain
Datejust,5800,ES,Spain
Oyster Perpetual,6350,ES,Spain
Oyster Perpetual,2650,ES,Spain
GMT-Master II,25600,ES,Spain
Datejust,5500,ES,Spain
Oyster Perpetual,3800,ES,Spain
Datejust,6500,ES,Spain
Oyster Perpetual,3400,ES,Spain
Oyster Perpetual,4350,ES,Spain
Datejust,5700,ES,Spain
Rolex,2800,ES,Spain
Oyster Perpetual,4950,ES,Spain
Oyster Perpetual,3950,ES,Spain
GMT-Master,16100,ES,Spain
Oyster Perpetual,4450,ES,Spain
Datejust,5200,ES,Spain
Oyster Perpetual,3900,ES,Spain
Lady-Datejust,3950,ES,Spain
Oyster Perpetual,3600,ES,Spain
Sea-Dweller,12700,ES,Spain
Submariner,11900,ES,Spain
Submariner,63500,ES,Spain
Oyster Perpetual,3100,ES,Spain
Milgauss,14800,ES,Spain
Lady-Datejust,3700,ES,Spain
Daytona,25900,IT,Italy
Oyster Perpetual,2750,ES,Spain
Oyster Perpetual,2350,ES,Spain
GMT-Master II,29990,ES,Spain
GMT-Master II,16250,ES,Spain
Explorer,9650,ES,Spain
Oyster Perpetual,2600,ES,Spain
Daytona,39000,ES,Spain
Day-Date,15100,ES,Spain
Oyster Perpetual,4950,ES,Spain
Submariner,19930,ES,Spain
Daytona,62500,ES,Spain
Oyster Perpetual,14330,ES,Spain
Oyster Perpetual,3290,ES,Spain
Datejust,7400,ES,Spain
GMT-Master II,27980,ES,Spain
Submariner,29900,ES,Spain
Oyster Perpetual,3800,ES,Spain
Oyster Perpetual,6600,ES,Spain
Rolex,11000,ES,Spain
Submariner,17200,ES,Spain
Datejust,18500,ES,Spain
Datejust,10250,ES,Spain
Datejust,6500,ES,Spain
Datejust,8100,ES,Spain
Oyster Perpetual,6500,ES,Spain
Datejust,14100,ES,Spain
Lady-Datejust,6500,ES,Spain
Oyster Perpetual,4790,ES,Spain
Oyster Perpetual,3500,ES,Spain
Datejust,6800,ES,Spain
Daytona,29400,ES,Spain
Oyster Perpetual,6200,ES,Spain
Datejust,16800,ES,Spain
Oyster Perpetual,4500,ES,Spain
Submariner,13900,ES,Spain
Datejust,6990,ES,Spain
Submariner,15500,ES,Spain
Datejust,5100,ES,Spain
Oyster Perpetual,4250,ES,Spain
Oyster Perpetual,4200,ES,Spain
Oyster Perpetual,3650,ES,Spain
Oyster Perpetual,4200,ES,Spain
Submariner,11400,ES,Spain
Oyster Perpetual,3600,ES,Spain
Lady-Datejust,3800,ES,Spain
Datejust,7000,ES,Spain
Oyster Perpetual,3990,ES,Spain
Daytona,35900,IT,Italy
Oyster Perpetual,2450,ES,Spain
Datejust,13100,ES,Spain
Oyster Perpetual,7800,ES,Spain
Oyster Perpetual,2650,ES,Spain
Submariner,10150,ES,Spain
Submariner,51950,ES,Spain
GMT-Master II,24150,ES,Spain
Lady-Datejust,6000,ES,Spain
GMT-Master II,26250,ES,Spain
Oyster Perpetual,4380,ES,Spain
Air King,4550,ES,Spain
GMT-Master II,40650,ES,Spain
GMT-Master II,29950,ES,Spain
Sea-Dweller,24250,ES,Spain
Explorer II,11900,ES,Spain
Oyster Perpetual,4600,ES,Spain
GMT-Master II,26250,ES,Spain
Submariner,12500,ES,Spain
Oyster Perpetual,5800,ES,Spain
Cellini,6000,ES,Spain
Datejust,9600,ES,Spain
Submariner,13269,ES,Spain
Daytona,65250,ES,Spain
Sky-Dweller,35495,ES,Spain
GMT-Master II,27350,ES,Spain
Daytona,40650,ES,Spain
Yacht-Master,7100,ES,Spain
Submariner,11450,ES,Spain
Oyster Perpetual,3000,ES,Spain
Oyster Perpetual,8000,ES,Spain
Datejust,7850,ES,Spain
Datejust,18890,ES,Spain
Day-Date,24500,ES,Spain
Air King,5900,ES,Spain
Datejust,8800,ES,Spain
Oyster Perpetual,4200,ES,Spain
Explorer II,9800,ES,Spain
Air King,4200,ES,Spain
Datejust,6180,ES,Spain
Datejust,16500,ES,Spain
Oyster Perpetual,3000,ES,Spain
Datejust,11500,ES,Spain
GMT-Master II,27350,ES,Spain
Oyster Perpetual,36000,ES,Spain
Submariner,34450,ES,Spain
Submariner,25250,ES,Spain
Datejust,18500,ES,Spain
GMT-Master II,26000,IT,Italy
Datejust,5500,RO,Romania
Datejust,6300,ES,Spain
GMT-Master II,16800,ES,Spain
Yacht-Master,10450,ES,Spain
Oyster Perpetual,5500,ES,Spain
Lady-Datejust,4500,ES,Spain
Daytona,23950,IT,Italy
GMT-Master II,43950,IT,Italy
Daytona,34450,ES,Spain
Submariner,22760,ES,Spain
Datejust,15000,ES,Spain
Oyster Perpetual,17300,ES,Spain
Submariner,14700,ES,Spain
Oyster Perpetual,7700,ES,Spain
Datejust,9400,ES,Spain
GMT-Master II,23000,ES,Spain
Oyster Perpetual,12500,ES,Spain
Oyster Perpetual,12500,ES,Spain
Datejust,15000,ES,Spain
Datejust,15500,ES,Spain
Datejust,14500,ES,Spain
Datejust,15500,ES,Spain
Oyster Perpetual,4450,ES,Spain
Precision,3200,ES,Spain
Submariner,16500,ES,Spain
Day-Date,46000,ES,Spain
Daytona,55900,ES,Spain
Lady-Datejust,6400,ES,Spain
Day-Date,102000,ES,Spain
Daytona,35000,ES,Spain
Datejust,14500,ES,Spain
Day-Date,42500,ES,Spain
Daytona,24900,ES,Spain
Datejust,12500,ES,Spain
GMT-Master II,22500,ES,Spain
Air King,5500,ES,Spain
GMT-Master II,19500,PL,Poland
Explorer,15000,ES,Spain
GMT-Master II,27500,ES,Spain
Datejust,6928,ES,Spain
Datejust,27800,ES,Spain
GMT-Master II,80000,ES,Spain
Air King,6450,ES,Spain
Precision,4890,ES,Spain
Oyster Perpetual,6200,ES,Spain
Yacht-Master,53845,ES,Spain
Datejust,16700,ES,Spain
Oyster Perpetual,4650,ES,Spain
Day-Date,58500,ES,Spain
Lady-Datejust,4700,ES,Spain
GMT-Master II,23000,ES,Spain
GMT-Master II,20000,ES,Spain
Day-Date,81000,ES,Spain
Explorer II,15000,ES,Spain
Sky-Dweller,55500,ES,Spain
Day-Date,45500,ES,Spain
Datejust,17000,ES,Spain
Daytona,77500,NL,Netherlands
GMT-Master II,20283,US,United States of America
Sky-Dweller,43000,ES,Spain
Lady-Datejust,32000,ES,Spain
Yacht-Master,14500,ES,Spain
Daytona,39500,ES,Spain
GMT-Master II,44500,ES,Spain
Submariner,13000,ES,Spain
Sky-Dweller,63500,ES,Spain
Submariner,15500,ES,Spain
Datejust,17500,ES,Spain
Datejust,18000,ES,Spain
Oyster Perpetual,18000,ES,Spain
Datejust,14500,ES,Spain
Datejust,18500,ES,Spain
Daytona,35950,ES,Spain
Daytona,31000,ES,Spain
Datejust,20200,ES,Spain
Sky-Dweller,29000,ES,Spain
Lady-Datejust,13800,ES,Spain
Datejust,14151,US,United States of America
Daytona,82000,ES,Spain
Daytona,26000,ES,Spain
Daytona,32950,NL,Netherlands
Datejust,13500,ES,Spain
Submariner,17000,ES,Spain
Day-Date,76000,ES,Spain
Datejust,15500,ES,Spain
Datejust,16000,ES,Spain
Lady-Datejust,9500,ES,Spain
Oyster Perpetual,7800,ES,Spain
Day-Date,59500,ES,Spain
Yacht-Master,60000,ES,Spain
Lady-Datejust,13500,ES,Spain
Lady-Datejust,10000,ES,Spain
GMT-Master II,50500,ES,Spain
GMT-Master II,20500,ES,Spain
Air King,10500,ES,Spain
Datejust,18500,ES,Spain
Sky-Dweller,21500,ES,Spain
Datejust,14500,ES,Spain
Submariner,16500,ES,Spain
Datejust,13500,ES,Spain
GMT-Master II,22000,ES,Spain
GMT-Master II,22000,ES,Spain
Datejust,12500,ES,Spain
Explorer II,13700,ES,Spain
Submariner,19000,ES,Spain
Daytona,55000,NL,Netherlands
Submariner,17000,ES,Spain
Explorer,11000,ES,Spain
Daytona,60000,ES,Spain
Datejust,18800,ES,Spain
GMT-Master II,52000,ES,Spain
GMT-Master II,55000,ES,Spain
Day-Date,60000,ES,Spain
GMT-Master II,18500,ES,Spain
Datejust,13500,ES,Spain
Datejust,15500,ES,Spain
Datejust,18000,ES,Spain
GMT-Master II,66500,ES,Spain
Explorer,6600,ES,Spain
Oyster Perpetual,10000,ES,Spain
Datejust,13000,ES,Spain
Daytona,50000,ES,Spain
Lady-Datejust,3990,ES,Spain
Submariner,16800,ES,Spain
Sky-Dweller,57500,ES,Spain
GMT-Master II,22500,ES,Spain
Daytona,68000,ES,Spain
GMT-Master II,21000,ES,Spain
Sky-Dweller,23000,ES,Spain
Daytona,61000,ES,Spain
GMT-Master II,19000,ES,Spain
Sky-Dweller,20500,ES,Spain
Oyster Perpetual,5450,ES,Spain
Oyster Perpetual,45000,ES,Spain
Yacht-Master II,38950,NL,Netherlands
Lady-Datejust,2990,ES,Spain
Lady-Datejust,5400,ES,Spain
Oyster Perpetual,4100,ES,Spain
GMT-Master II,14950,ES,Spain
Oyster Perpetual,11900,ES,Spain
Daytona,39750,ES,Spain
Datejust,4490,ES,Spain
Cellini,5590,ES,Spain
Submariner,29900,ES,Spain
Explorer II,10500,ES,Spain
Datejust,11400,ES,Spain
Datejust,29500,ES,Spain
Submariner,17800,ES,Spain
Oyster Perpetual,3790,ES,Spain
Oyster Perpetual,4950,ES,Spain
Oyster Perpetual,3190,ES,Spain
Air King,8100,ES,Spain
Lady-Datejust,5890,ES,Spain
Cellini,4290,ES,Spain
Daytona,42500,IT,Italy
Air King,5790,ES,Spain
GMT-Master II,14000,ES,Spain
Datejust,4600,IT,Italy
Lady-Datejust,7490,ES,Spain
Submariner,19500,ES,Spain
Submariner,11400,ES,Spain
Datejust,12700,ES,Spain
Submariner,12500,ES,Spain
Submariner,10900,IT,Italy
Yacht-Master,15900,ES,Spain
Oyster Perpetual,9100,IT,Italy
GMT-Master II,14500,ES,Spain
Oyster Perpetual,3436,ES,Spain
Cellini,4700,ES,Spain
Oyster Perpetual,3845,ES,Spain
Datejust,9900,ES,Spain
GMT-Master,24000,ES,Spain
Daytona,90000,ES,Spain
Cellini,2975,ES,Spain
Rolex,10000,ES,Spain
Datejust,11200,ES,Spain
Submariner,11400,ES,Spain
Submariner,13000,ES,Spain
Oyster Perpetual,6200,ES,Spain
Explorer II,24000,ES,Spain
Daytona,153000,IT,Italy
Rolex,3999,ES,Spain
Explorer,18000,IT,Italy
Daytona,94000,IT,Italy
Daytona,205000,IT,Italy
GMT-Master,90000,IT,Italy
Day-Date,28300,IT,Italy
Datejust,5200,IT,Italy
Daytona,36500,IT,Italy
Sea-Dweller,53500,IT,Italy
Oyster Perpetual,3436,ES,Spain
Datejust,90000,IT,Italy
Lady-Datejust,5200,ES,Spain
Cellini,3600,ES,Spain
Submariner,9500,ES,Spain
Oyster Perpetual,4500,ES,Spain
Sea-Dweller,16800,IT,Italy
Daytona,150000,IT,Italy
Daytona,265000,IT,Italy
Lady-Datejust,14000,ES,Spain
Milgauss,48000,IT,Italy
Oyster Perpetual,3700,ES,Spain
Daytona,116519,IT,Italy
Daytona,139000,IT,Italy
Day-Date,21500,IT,Italy
Daytona,25500,RO,Romania
Air King,3600,ES,Spain
Daytona,39000,IT,Italy
Rolex,3290,ES,Spain
Submariner,60000,IT,Italy
Sky-Dweller,20000,IT,Italy
Air King,12500,IT,Italy
Yacht-Master,34758,FR,France
Submariner,36500,ES,Spain
Sky-Dweller,24174,GR,Greece
GMT-Master II,55000,IT,Italy
Daytona,28000,ES,Spain
Day-Date,49900,IT,Italy
Oyster Perpetual,14500,RO,Romania
Submariner,22154,UK,United Kingdom
GMT-Master,183000,IT,Italy
GMT-Master II,19200,AT,Austria
Yacht-Master,5800,ES,Spain
Datejust,13296,UK,United Kingdom
Yacht-Master,29035,UK,United Kingdom
Explorer II,12538,UK,United Kingdom
Datejust,15300,IT,Italy
GMT-Master,34800,AT,Austria
Sky-Dweller,22037,UK,United Kingdom
Daytona,47600,AT,Austria
Submariner,12300,IT,Italy
Yacht-Master II,39363,UK,United Kingdom
Submariner,39000,IT,Italy
Datejust,12953,ES,Spain
Daytona,102000,IT,Italy
GMT-Master II,18900,IT,Italy
Daytona,41000,IT,Italy
GMT-Master II,50281,AU,Australia
GMT-Master II,22500,IT,Italy
Sky-Dweller,34481,US,United States of America
Daytona,45585,AU,Australia
Daytona,38881,AU,Australia
Submariner,19769,UK,United Kingdom
Day-Date,74057,US,United States of America
Submariner,13990,UK,United Kingdom
Daytona,25943,US,United States of America
Sea-Dweller,14573,UK,United Kingdom
Submariner,38500,AT,Austria
Datejust,11657,UK,United Kingdom
Air King,12950,AT,Austria
Day-Date,48349,US,United States of America
Sky-Dweller,54245,US,United States of America
GMT-Master II,14764,US,United States of America
GMT-Master II,42972,US,United States of America
Lady-Datejust,18450,GR,Greece
Datejust,15156,UK,United Kingdom
Daytona,56312,AU,Australia
Submariner,91000,IT,Italy
Submariner,33000,IT,Italy
Air King,4600,IT,Italy
GMT-Master II,23800,GR,Greece
Datejust,16900,GR,Greece
Day-Date,10849,US,United States of America
GMT-Master II,21900,GR,Greece
GMT-Master II,18098,AU,Australia
GMT-Master,16684,US,United States of America
Explorer II,8500,ES,Spain
GMT-Master II,19769,UK,United Kingdom
Yacht-Master,15283,US,United States of America
Cellini,13443,US,United States of America
Daytona,23151,UK,United Kingdom
GMT-Master II,13295,GR,Greece
Datejust,8850,IT,Italy
GMT-Master II,23000,IT,Italy
Cellini,3500,ES,Spain
Daytona,125960,UK,United Kingdom
Daytona,25425,UK,United Kingdom
Datejust,6200,IT,Italy
Submariner,13821,US,United States of America
Submariner,24071,US,United States of America
Daytona,22900,DE,Germany
Submariner,19890,DE,Germany
Datejust,5750,DE,Germany
Day-Date,13800,IT,Italy
Daytona,189900,IT,Italy
Daytona,39363,UK,United Kingdom
Daytona,59608,US,United States of America
Milgauss,13000,IT,Italy
Oyster Perpetual,11000,ES,Spain
Daytona,47500,IT,Italy
Submariner,26813,AU,Australia
GMT-Master II,44261,UK,United Kingdom
Sea-Dweller,12500,ES,Spain
Submariner,17728,UK,United Kingdom
Day-Date,33019,US,United States of America
Daytona,60647,UK,United Kingdom
Oyster Perpetual,9500,GR,Greece
GMT-Master,17350,DE,Germany
Rolex Pearlmaster,49568,UK,United Kingdom
Day-Date,82547,US,United States of America
Submariner,22250,DE,Germany
Oyster Perpetual,15500,ES,Spain
Day-Date,16038,US,United States of America
Daytona,28866,UK,United Kingdom
Oyster Perpetual,28500,DE,Germany
Datejust,13458,US,United States of America
Daytona,125000,ES,Spain
Day-Date,18868,US,United States of America
Submariner,12900,FR,France
Daytona,25943,US,United States of America
Submariner,40529,UK,United Kingdom
Submariner,23000,IT,Italy
Day-Date,52900,FR,France
Datejust,13349,US,United States of America
GMT-Master II,21900,FR,France
Daytona,29900,FR,France
Daytona,21037,US,United States of America
Daytona,58000,FR,France
Daytona,26321,US,United States of America
Sky-Dweller,58257,UK,United Kingdom
Day-Date,24057,US,United States of America
Datejust,13005,US,United States of America
Yacht-Master,14500,ES,Spain
Submariner,12264,US,United States of America
Daytona,159000,FR,France
GMT-Master II,23900,IT,Italy
Day-Date,47406,US,United States of America
Submariner,13585,US,United States of America
Submariner,9151,US,United States of America
Datejust,10250,US,United States of America
Submariner,9906,US,United States of America
Datejust,26500,IT,Italy
Submariner,165093,US,United States of America
Oyster Perpetual,4199,ES,Spain
Submariner,22550,DE,Germany
Submariner,18868,US,United States of America
Datejust,6508,US,United States of America
Datejust,9099,US,United States of America
Submariner,16750,DE,Germany
Day-Date,40000,ES,Spain
Explorer II,10950,DE,Germany
Daytona,38779,UK,United Kingdom
Datejust,5700,GR,Greece
Datejust,12250,DE,Germany
Datejust,6250,DE,Germany
GMT-Master,30000,ES,Spain
Daytona,99000,DE,Germany
GMT-Master II,67000,DE,Germany
Sea-Dweller,100000,IT,Italy
GMT-Master,18200,ES,Spain
Oyster Perpetual,22950,AT,Austria
Datejust,9950,AT,Austria
GMT-Master II,12170,US,United States of America
Datejust,6500,IT,Italy
Submariner,14500,FR,France
Oyster Perpetual,8175,US,United States of America
Daytona,135000,IT,Italy
GMT-Master II,17627,US,United States of America
Daytona,114150,US,United States of America
GMT-Master,38000,IT,Italy
Oyster Perpetual,4500,IT,Italy
Daytona,36950,AT,Austria
Oyster Perpetual,2200,IT,Italy
GMT-Master II,13750,AT,Austria
Milgauss,12450,GR,Greece
Day-Date,49950,DE,Germany
Datejust,13784,US,United States of America
Lady-Datejust,3300,ES,Spain
Day-Date,41981,US,United States of America
GMT-Master II,19950,DE,Germany
Datejust,17689,US,United States of America
GMT-Master II,18571,US,United States of America
Datejust,6800,IT,Italy
Datejust,15900,DE,Germany
Day-Date,16038,US,United States of America
Datejust,5000,ES,Spain
Datejust,9622,UK,United Kingdom
Lady-Datejust,10900,DE,Germany
Submariner,12170,US,United States of America
Day-Date,11321,US,United States of America
GMT-Master II,12264,US,United States of America
Sea-Dweller,109000,IT,Italy
Submariner,14750,AT,Austria
Yacht-Master,18868,US,United States of America
GMT-Master II,19056,US,United States of America
Explorer II,10950,AT,Austria
Yacht-Master,10283,US,United States of America
Air King,4500,IT,Italy
Lady-Datejust,5425,US,United States of America
GMT-Master II,20900,FR,France
Datejust,9340,US,United States of America
Yacht-Master,28500,IT,Italy
Daytona,34434,US,United States of America
Day-Date,60000,IT,Italy
Daytona,44319,UK,United Kingdom
Daytona,215093,US,United States of America
Air King,7547,US,United States of America
Datejust,10850,AT,Austria
Datejust,12900,FR,France
Submariner,17736,US,United States of America
Datejust,16508,US,United States of America
Day-Date,37075,US,United States of America
Day-Date,75472,US,United States of America
Yacht-Master,25565,US,United States of America
Day-Date,75093,US,United States of America
Day-Date,130093,US,United States of America
Datejust,7750,DE,Germany
Submariner,38950,AT,Austria
Datejust,10900,FR,France
Daytona,26850,DE,Germany
GMT-Master II,26850,DE,Germany
Daytona,40850,DE,Germany
Datejust,5000,DE,Germany
Daytona,30000,ES,Spain
GMT-Master II,33018,US,United States of America
Datejust,39000,IT,Italy
GMT-Master II,21450,DE,Germany
Lady-Datejust,21697,US,United States of America
Daytona,45093,US,United States of America
Daytona,31950,DE,Germany
GMT-Master,35000,ES,Spain
Oyster Perpetual,3500,ES,Spain
Cellini,14000,IT,Italy
GMT-Master II,165093,US,United States of America
Lady-Datejust,19810,US,United States of America
Datejust,16980,US,United States of America
Day-Date,41745,US,United States of America
Submariner,75000,IT,Italy
Explorer,8300,IT,Italy
Oyster Perpetual,9750,DE,Germany
Datejust,19890,DE,Germany
Oyster Perpetual,10500,FR,France
Daytona,26490,DE,Germany
Daytona,58018,US,United States of America
Daytona,28490,DE,Germany
Daytona,23850,DE,Germany
Datejust,6604,US,United States of America
Day-Date,55490,DE,Germany
Submariner,9670,US,United States of America
GMT-Master II,18952,UK,United Kingdom
Submariner,18000,ES,Spain
Day-Date,68018,US,United States of America
Day-Date,140093,US,United States of America
GMT-Master,33000,IT,Italy
Lady-Datejust,49056,US,United States of America
Datejust,20754,US,United States of America
Sea-Dweller,15250,DE,Germany
Daytona,18999,DE,Germany
Day-Date,36000,ES,Spain
Datejust,17452,US,United States of America
GMT-Master II,14850,DE,Germany
Day-Date,135093,US,United States of America
Datejust,13900,FR,France
Datejust,13193,US,United States of America
Daytona,124900,DE,Germany
Submariner,16950,DE,Germany
Daytona,31970,US,United States of America
Sea-Dweller,11000,IT,Italy
Submariner,20850,DE,Germany
Daytona,34550,DE,Germany
Datejust,14900,FR,France
GMT-Master II,19990,DE,Germany
Sky-Dweller,25000,US,United States of America
Submariner,18290,DE,Germany
Sky-Dweller,52546,US,United States of America
Yacht-Master,16850,DE,Germany
Day-Date,18113,US,United States of America
Daytona,41989,DE,Germany
Datejust,13850,DE,Germany
Sky-Dweller,22546,US,United States of America
Yacht-Master II,23168,US,United States of America
Datejust,14150,US,United States of America
Daytona,25900,DE,Germany
Submariner,24950,DE,Germany
Oyster Perpetual,7750,AT,Austria
Submariner,17450,DE,Germany
GMT-Master II,17950,DE,Germany
GMT-Master II,20900,DE,Germany
Datejust,15790,DE,Germany
Datejust,16000,ES,Spain
Day-Date,31999,DE,Germany
Submariner,32999,DE,Germany
Datejust,13600,DE,Germany
Air King,13500,DE,Germany
Datejust,14900,DE,Germany
Day-Date,47064,US,United States of America
Day-Date,36000,IT,Italy
Lady-Datejust,23584,US,United States of America
GMT-Master,34500,IT,Italy
Explorer II,10100,DE,Germany
Day-Date,47900,DE,Germany
Daytona,24500,GR,Greece
Rolex,4500,ES,Spain
GMT-Master II,18762,US,United States of America
Yacht-Master II,18655,UK,United Kingdom
GMT-Master II,17600,DE,Germany
Sky-Dweller,53668,US,United States of America
Submariner,19450,DE,Germany
Submariner,14514,US,United States of America
Lady-Datejust,11320,US,United States of America
Datejust,14137,US,United States of America
Datejust,6697,US,United States of America
Explorer II,12972,US,United States of America
Day-Date,47406,US,United States of America
Lady-Datejust,6698,US,United States of America
Datejust,12500,ES,Spain
Yacht-Master,15550,AT,Austria
Air King,4599,US,United States of America
Datejust,6000,IT,Italy
Day-Date,40093,US,United States of America
Daytona,27999,DE,Germany
Daytona,75366,US,United States of America
Daytona,46594,UK,United Kingdom
Submariner,14900,DE,Germany
Sea-Dweller,16875,US,United States of America
Datejust,17924,US,United States of America
Datejust,13349,US,United States of America
Daytona,28196,US,United States of America
Submariner,14045,US,United States of America
Submariner,16990,DE,Germany
GMT-Master II,26143,AU,Australia
GMT-Master,22990,DE,Germany
Submariner,13990,DE,Germany
Datejust,6037,US,United States of America
Sky-Dweller,37028,US,United States of America
Day-Date,39950,DE,Germany
Sea-Dweller,40000,ES,Spain
Day-Date,24000,ES,Spain
Daytona,81900,IT,Italy
Datejust,10199,DE,Germany
Lady-Datejust,16980,US,United States of America
Submariner,19900,FR,France
Submariner,12590,DE,Germany
Daytona,51781,US,United States of America
Datejust,16037,US,United States of America
Sky-Dweller,24764,US,United States of America
Datejust,14450,DE,Germany
Day-Date,84800,US,United States of America
Rolex,6132,US,United States of America
GMT-Master II,19706,US,United States of America
Explorer II,40000,ES,Spain
GMT-Master II,48900,FR,France
Submariner,18715,GR,Greece
Daytona,41900,FR,France
Oyster Perpetual,10850,DE,Germany
GMT-Master II,19652,UK,United Kingdom
Submariner,60000,ES,Spain
GMT-Master II,19056,US,United States of America
Daytona,375093,US,United States of America
Submariner,13405,AU,Australia
Datejust,16999,DE,Germany
Daytona,22500,IT,Italy
Day-Date,54950,DE,Germany
Milgauss,11850,AT,Austria
Datejust,7100,IT,Italy
Lady-Datejust,7200,ES,Spain
Lady-Datejust,5100,IT,Italy
Datejust,7200,IT,Italy
Daytona,51886,US,United States of America
Day-Date,21000,ES,Spain
Datejust,9600,ES,Spain
GMT-Master II,20411,GR,Greece
Daytona,34505,US,United States of America
Rolex,21000,ES,Spain
Daytona,131840,US,United States of America
Submariner,21000,ES,Spain
Sky-Dweller,300093,US,United States of America
Oyster Perpetual,22000,GR,Greece
Submariner,17819,US,United States of America
GMT-Master,17500,ES,Spain
Submariner,19500,ES,Spain
Lady-Datejust,4600,ES,Spain
Oyster Perpetual,12000,ES,Spain
Yacht-Master,33857,US,United States of America
Yacht-Master,14590,DE,Germany
Datejust,5500,ES,Spain
Daytona,38999,DE,Germany
Daytona,28827,ES,Spain
Sea-Dweller,19741,US,United States of America
Sea-Dweller,18019,UK,United Kingdom
Sea-Dweller,15950,DE,Germany
Submariner,18690,DE,Germany
Submariner,11290,DE,Germany
Datejust,7000,ES,Spain
Submariner,11800,DE,Germany
Precision,5190,DE,Germany
Air King,8790,DE,Germany
Yacht-Master II,21950,DE,Germany
Datejust,9750,DE,Germany
Cellini,3000,ES,Spain
Submariner,19900,DE,Germany
Submariner,12158,US,United States of America
Sky-Dweller,21294,US,United States of America
Daytona,36575,US,United States of America
Sky-Dweller,42950,DE,Germany
Datejust,8773,US,United States of America
Submariner,15093,US,United States of America
Datejust,17290,DE,Germany
Yacht-Master II,47546,US,United States of America
GMT-Master II,38018,US,United States of America
GMT-Master,14500,ES,Spain
Daytona,39500,IT,Italy
Daytona,21990,DE,Germany
Datejust,10272,US,United States of America
Submariner,13500,ES,Spain
Daytona,22159,ES,Spain
Daytona,25472,US,United States of America
Sky-Dweller,20950,DE,Germany
Datejust,10890,DE,Germany
Daytona,51619,AU,Australia
Lady-Datejust,7299,DE,Germany
Datejust,6490,DE,Germany
Submariner,14250,DE,Germany
Explorer II,8850,DE,Germany
GMT-Master II,24450,DE,Germany
Day-Date,22170,US,United States of America
Sea-Dweller,9850,DE,Germany
Daytona,42347,US,United States of America
GMT-Master II,23851,UK,United Kingdom
Datejust,35000,DE,Germany
Day-Date,9000,ES,Spain
GMT-Master II,14950,DE,Germany
Sea-Dweller,16550,DE,Germany
Yacht-Master II,19340,US,United States of America
Sea-Dweller,38000,ES,Spain
Submariner,14000,ES,Spain
Submariner,11250,DE,Germany
Datejust,11875,US,United States of America
Datejust,14990,DE,Germany
Daytona,135500,DE,Germany
Datejust,15576,US,United States of America
Sky-Dweller,28769,US,United States of America
Datejust,14858,US,United States of America
Day-Date,19950,DE,Germany
Daytona,48950,DE,Germany
Datejust,6603,US,United States of America
Daytona,45000,ES,Spain
Oyster Perpetual,6225,US,United States of America
GMT-Master II,20450,DE,Germany
Lady-Datejust,26224,US,United States of America
Daytona,26320,US,United States of America
GMT-Master II,17547,US,United States of America
Sky-Dweller,43291,US,United States of America
Datejust,15519,US,United States of America
Yacht-Master,15950,DE,Germany
Daytona,23650,DE,Germany
Submariner,37736,US,United States of America
Datejust,12422,US,United States of America
Submariner,18000,IT,Italy
Cellini,5000,ES,Spain
Daytona,53500,IT,Italy
Sea-Dweller,26000,IT,Italy
Daytona,45486,UK,United Kingdom
Submariner,14950,DE,Germany
Daytona,21518,UK,United Kingdom
Submariner,14750,AT,Austria
Rolex,16800,GR,Greece
GMT-Master II,22642,US,United States of America
GMT-Master,49500,IT,Italy
Datejust,6990,DE,Germany
Oyster Perpetual,8000,ES,Spain
Submariner,9622,UK,United Kingdom
Datejust,6500,IT,Italy
Submariner,37390,DE,Germany
Daytona,26887,US,United States of America
Daytona,39648,UK,United Kingdom
Milgauss,12521,US,United States of America
Datejust,11740,DE,Germany
Yacht-Master,15090,US,United States of America
Submariner,17600,DE,Germany
Day-Date,22170,US,United States of America
Datejust,10000,ES,Spain
Daytona,47760,UK,United Kingdom
Daytona,42347,US,United States of America
Lady-Datejust,14150,US,United States of America
Datejust,11780,UK,United Kingdom
GMT-Master II,39648,UK,United Kingdom
Cellini,18867,US,United States of America
GMT-Master II,11657,UK,United Kingdom
Daytona,109618,US,United States of America
GMT-Master II,21500,IT,Italy
Day-Date,16300,DE,Germany
Datejust,9434,US,United States of America
Oyster Perpetual,9900,FR,France
Daytona,78568,UK,United Kingdom
Datejust,5754,US,United States of America
Submariner,30000,ES,Spain
Sea-Dweller,18950,DE,Germany
Submariner,8915,US,United States of America
Day-Date,147492,AU,Australia
Daytona,50000,ES,Spain
Milgauss,10093,US,United States of America
Explorer II,15200,DE,Germany
Submariner,12990,DE,Germany
Lady-Datejust,6700,ES,Spain
Submariner,28300,DE,Germany
Daytona,78750,DE,Germany
Datejust,12940,DE,Germany
Sea-Dweller,15750,DE,Germany
Submariner,14056,US,United States of America
Submariner,16800,DE,Germany
Oyster Perpetual,8950,AT,Austria
Submariner,16950,DE,Germany
Day-Date,100562,AU,Australia
Day-Date,16648,US,United States of America
Datejust,7299,DE,Germany
Rolex,95000,IT,Italy
Submariner,43000,IT,Italy
Daytona,36750,DE,Germany
Datejust,14400,DE,Germany
Sea-Dweller,14000,DE,Germany
Daytona,39000,IT,Italy
Yacht-Master,13121,UK,United Kingdom
Daytona,43736,UK,United Kingdom
Lady-Datejust,9000,IT,Italy
Datejust,9272,UK,United Kingdom
GMT-Master II,66150,DE,Germany
Submariner,15000,ES,Spain
Oyster Perpetual,9272,UK,United Kingdom
Datejust,12500,GR,Greece
Sea-Dweller,29495,AU,Australia
Submariner,29157,UK,United Kingdom
Datejust,6100,IT,Italy
Oyster Perpetual,16800,DE,Germany
Rolex,5600,ES,Spain
Daytona,28019,US,United States of America
Datejust,7200,ES,Spain
Datejust,7100,IT,Italy
GMT-Master,13915,US,United States of America
GMT-Master II,16990,DE,Germany
Day-Date,18000,ES,Spain
Sea-Dweller,16037,US,United States of America
Datejust,10500,ES,Spain
Daytona,255000,IT,Italy
Lady-Datejust,4900,IT,Italy
Daytona,60093,US,United States of America
Datejust,18867,US,United States of America
GMT-Master II,44450,DE,Germany
GMT-Master II,25700,DE,Germany
Day-Date,14500,ES,Spain
Datejust,11955,UK,United Kingdom
Lady-Datejust,11320,US,United States of America
GMT-Master II,17500,ES,Spain
Submariner,12390,DE,Germany
Day-Date,47637,US,United States of America
Datejust,11690,FI,Finland
Datejust,20282,US,United States of America
Milgauss,12594,US,United States of America
Submariner,14368,PL,Poland
Daytona,37500,US,United States of America
Oyster Perpetual,13112,US,United States of America
GMT-Master II,17750,AT,Austria
Submariner,17783,US,United States of America
Explorer,8456,UK,United Kingdom
Daytona,36509,US,United States of America
Day-Date,16328,UK,United Kingdom
Rolex,1800,ES,Spain
Datejust,15490,DE,Germany
Sea-Dweller,17819,US,United States of America
Oyster Perpetual,6500,ES,Spain
Daytona,35000,ES,Spain
Submariner,11371,UK,United Kingdom
Air King,4999,DE,Germany
Milgauss,13600,ES,Spain
Day-Date,64140,UK,United Kingdom
Air King,4600,IT,Italy
Datejust,7289,UK,United Kingdom
GMT-Master,28000,ES,Spain
GMT-Master II,21576,UK,United Kingdom
Lady-Datejust,5656,US,United States of America
Day-Date,85376,US,United States of America
Yacht-Master,13443,US,United States of America
