models;prices;countries
Rolex Daytona;22500;ES
Rolex GMT-Master II;61500;ES
Rolex Yacht-Master 40;13800;ES
Rolex Daytona;23500;ES
Rolex Lady-Datejust;4700;ES
Rolex Sea-Dweller;15000;ES
Rolex Datejust 31;33337;ES
Rolex Submariner Date;11900;ES
Rolex Sky-Dweller;54500;ES
Rolex Submariner (No Date);14500;ES
Rolex Day-Date 36;45900;ES
Rolex Datejust 41;10500;ES
Rolex Submariner (No Date);11500;ES
Rolex Oyster Perpetual Date;7200;ES
Rolex Yacht-Master 40;11800;ES
Rolex Daytona;67500;DE
Rolex Sky-Dweller;23000;ES
Rolex Datejust 41;12550;ES
Rolex Daytona;106500;ES
Rolex Yacht-Master 42;34900;ES
Rolex GMT-Master II;17500;ES
Rolex Datejust 36;7500;ES
Rolex Day-Date 36;16995;ES
Rolex Datejust 31;8100;ES
Rolex Sea-Dweller Deepsea;16190;ES
Rolex GMT-Master II;20900;ES
Rolex Daytona;35550;ES
Rolex Datejust 36;15000;ES
Rolex Daytona;73900;ES
Rolex Yacht-Master 40;14500;ES
Rolex Submariner Date;15600;ES
Rolex Oyster Perpetual 36;11900;DE
Rolex Lady-Datejust;8000;ES
Rolex Datejust 36;13471;ES
Rolex GMT-Master;12800;ES
Rolex Datejust 36;12550;ES
Rolex Datejust 41;16500;ES
Rolex Sea-Dweller;18750;ES
Rolex Explorer II;12000;ES
Rolex Datejust 36;9900;ES
Rolex Submariner Date;9995;ES
Rolex Oyster Perpetual 41;12500;ES
Rolex Milgauss;9900;ES
Rolex Lady-Datejust;3990;DE
Rolex Daytona;24950;ES
Rolex Sky-Dweller;21500;ES
Rolex Datejust 41;16900;ES
Rolex Sea-Dweller Deepsea;14000;ES
Rolex;2700;ES
Rolex Lady-Datejust;16650;NL
Rolex GMT-Master II;;ES
Rolex;6000;ES
Rolex Sky-Dweller;36800;DE
Rolex Datejust 36;14250;ES
Rolex GMT-Master II;43000;ES
Rolex Submariner Date;17500;ES
Rolex Explorer II;12000;ES
Rolex Lady-Datejust;4000;ES
Rolex Explorer II;12250;NL
Rolex Submariner Date;;ES
Rolex Datejust 36;9039;ES
Rolex Submariner Date;15990;ES
Rolex GMT-Master II;17250;ES
Rolex Sky-Dweller;25500;ES
Rolex Datejust 41;20500;ES
Rolex Datejust 41;15500;ES
Rolex Oyster Perpetual 41;15650;ES
Rolex Submariner Date;9800;ES
Rolex Datejust II;9800;ES
Rolex Datejust 41;13000;ES
Rolex Datejust 31;13450;NL
Rolex Explorer II;11250;ES
Rolex Datejust Oysterquartz;5150;NL
Rolex Day-Date 40;68500;ES
Rolex Datejust 41;13800;ES
Rolex Submariner Date;29000;ES
Rolex Submariner Date;11500;ES
Rolex Datejust 36;5940;ES
Rolex GMT-Master II;14995;ES
Rolex Submariner Date;19000;ES
Rolex Datejust 41;10250;ES
Rolex Oyster Perpetual 31;6450;NL
Rolex Sky-Dweller;25400;ES
Rolex Submariner (No Date);11800;ES
Rolex Oyster Perpetual Date;4475;ES
Rolex Datejust 41;14200;ES
Rolex Oyster Perpetual Date;6100;ES
Rolex Day-Date 36;20995;ES
Rolex Datejust 31;12735;US
Rolex GMT-Master II;43000;ES
Rolex Datejust 36;5577;CH
Rolex Day-Date 36;54950;ES
Rolex Datejust 41;11500;ES
Rolex Daytona;60000;ES
Rolex Oyster Perpetual 31;2900;ES
Rolex Explorer;3200;ES
Rolex Oyster Perpetual Date;4295;ES
Rolex Day-Date 40;42500;ES
Rolex Cellini Prince;16950;ES
Rolex Datejust 36;14900;RO
Rolex Milgauss;12500;ES
Rolex Milgauss;12800;ES
Rolex Submariner Date;9900;ES
Rolex Explorer;15900;ES
Rolex Daytona;162500;ES
Rolex Datejust 36;5895;ES
Rolex Daytona;59900;ES
Rolex Daytona;48650;ES
Rolex Explorer;7450;ES
Rolex Day-Date 40;79500;ES
Rolex Submariner Date;11500;ES
Rolex Oyster Perpetual 36;22400;ES
Rolex Daytona;105000;ES
Rolex Milgauss;10350;ES
Rolex Oyster Perpetual Date;4595;ES
Rolex Daytona;79500;ES
Rolex Sky-Dweller;23750;ES
Rolex Daytona;19750;ES
Rolex Datejust 41;13900;ES
Rolex Datejust 41;12500;ES
Rolex Oyster Perpetual Date;5600;ES
Rolex Daytona;;ES
Rolex Datejust 36;6700;ES
Rolex Oyster Perpetual 31;7995;ES
Rolex Daytona;16500;ES
Rolex Oyster Perpetual 39;9350;ES
Rolex Oyster Perpetual 41;11500;ES
Rolex Daytona;54700;ES
Rolex Datejust II;10300;ES
Rolex Submariner Date;12500;ES
Rolex Submariner Date;22600;ES
Rolex Day-Date 36;87000;ES
Rolex Oysterdate Precision;2995;ES
Rolex GMT-Master II;15800;ES
Rolex Sky-Dweller;21450;ES
Rolex Daytona;124500;ES
Rolex Daytona;;ES
Rolex Datejust 41;15000;ES
Rolex Daytona;49999;US
Rolex Lady-Datejust;2600;ES
Rolex Daytona;39900;ES
Rolex Oyster Perpetual Lady Date;3895;ES
Rolex Daytona;22250;ES
Rolex Daytona;49750;ES
Rolex Day-Date 40;54900;ES
Rolex Day-Date 40;;ES
Rolex Sea-Dweller;15200;ES
Rolex Submariner Date;18800;ES
Rolex GMT-Master II;10350;ES
Rolex Day-Date 36;13000;ES
Rolex Day-Date 36;19800;ES
Rolex Day-Date 36;27358;US
Rolex Yacht-Master 40;32950;ES
Rolex Submariner Date;21900;ES
Rolex Daytona;82500;ES
Rolex Submariner Date;17300;ES
Rolex Yacht-Master II;26500;ES
Rolex Milgauss;8000;ES
Rolex Datejust Turn-O-Graph;9900;ES
Rolex Submariner Date;8200;ES
Rolex GMT-Master II;16980;US
Rolex Yacht-Master II;34650;ES
Rolex GMT-Master II;36900;ES
Rolex Daytona;;ES
Rolex GMT-Master II;20500;ES
Rolex GMT-Master;25000;ES
Rolex Submariner (No Date);11000;ES
Rolex Datejust Oysterquartz;6950;ES
Rolex Daytona;40000;ES
Rolex Daytona;21697;US
Rolex Explorer II;12550;ES
Rolex Submariner Date;17000;ES
Rolex GMT-Master II;;ES
Rolex Milgauss;9200;ES
Rolex Submariner Date;8850;ES
Rolex Submariner (No Date);17900;ES
Rolex Lady-Datejust;7900;ES
Rolex Sea-Dweller;30000;ES
Rolex Submariner Date;16500;ES
Rolex Explorer;8950;ES
Rolex GMT-Master II;21900;ES
Rolex GMT-Master II;21800;ES
Rolex GMT-Master II;18000;ES
Rolex Submariner Date;23300;ES
Rolex Yacht-Master 42;31500;ES
Rolex Oyster Perpetual 41;9400;ES
Rolex Yacht-Master 37;23000;ES
Rolex GMT-Master;17500;ES
Rolex Sea-Dweller Deepsea;15750;ES
Rolex Daytona;61000;ES
Rolex Daytona;43900;ES
Rolex Datejust 41;12500;ES
Rolex Explorer II;44900;ES
Rolex Daytona;29000;ES
Rolex Oyster Perpetual Date;5600;ES
Rolex GMT-Master;25000;ES
Rolex Submariner Date;9000;ES
Rolex Yacht-Master 40;17850;ES
Rolex GMT-Master II;22500;ES
Rolex Datejust 41;13900;ES
Rolex Yacht-Master II;19800;ES
Rolex Explorer II;11000;ES
Rolex Day-Date 40;66900;ES
Rolex Cellini;4600;ES
Rolex Daytona;29800;ES
Rolex Day-Date 36;20950;ES
Rolex Sea-Dweller;16250;ES
Rolex GMT-Master II;32900;ES
Rolex Daytona;43900;ES
Rolex Milgauss;11300;ES
Rolex Oyster Perpetual 36;6550;ES
Rolex Lady-Datejust;10500;ES
Rolex Datejust 41;13207;US
Rolex GMT-Master;28000;ES
Rolex Submariner Date;10500;ES
Rolex Datejust 36;14550;ES
Rolex Daytona;27500;ES
Rolex Daytona;41500;ES
Rolex GMT-Master II;19000;ES
Rolex Oyster Perpetual 26;2980;ES
Rolex Datejust 36;9200;ES
Rolex Explorer II;6600;ES
Rolex Oyster Perpetual;4500;ES
Rolex Datejust 36;7990;ES
Rolex GMT-Master II;21750;ES
Rolex Daytona;24800;ES
Rolex Day-Date 40;49950;ES
Rolex Submariner Date;12000;ES
Rolex Datejust 36;4050;ES
Rolex Lady-Datejust;14900;ES
Rolex Cellini Time;9500;ES
Rolex Submariner Date;36500;ES
Rolex Oyster Perpetual 36;8600;ES
Rolex Daytona;29244;US
Rolex Yacht-Master;5400;ES
Rolex Datejust 41;20500;ES
Rolex Datejust 36;3487;JP
Rolex Daytona;72000;ES
Rolex Lady-Datejust;4960;ES
Rolex Submariner Date;10500;ES
Rolex GMT-Master;28000;ES
Rolex Submariner Date;15600;ES
Rolex Lady-Datejust;4905;US
Rolex Day-Date Oysterquartz;16000;ES
Rolex Datejust 41;19900;ES
Rolex Lady-Datejust;2900;ES
Rolex GMT-Master;11900;ES
Rolex Oysterdate Precision;3500;ES
Rolex Day-Date 36;16700;ES
Rolex Submariner (No Date);22000;ES
Rolex Explorer II;13500;ES
Rolex Day-Date 36;87735;US
Rolex GMT-Master II;22350;ES
Rolex Daytona;47000;ES
Rolex Datejust 36;14490;ES
Rolex Submariner (No Date);23500;ES
Rolex Lady-Datejust;4700;ES
Rolex Day-Date 40;38000;ES
Rolex Lady-Datejust;3700;ES
Rolex Daytona;150000;ES
Rolex GMT-Master II;75471;US
Rolex Oyster Perpetual Date;3490;ES
Rolex Day-Date 40;;ES
Rolex GMT-Master II;13900;ES
Rolex Submariner Date;16750;ES
Rolex Lady-Datejust;14800;ES
Rolex Datejust 36;4750;ES
Rolex Air King;3500;ES
Rolex Daytona;26500;ES
Rolex GMT-Master II;49056;US
Rolex Oyster Perpetual Date;9450;ES
Rolex Day-Date 36;;ES
Rolex Yacht-Master 40;9390;ES
Rolex Oyster Perpetual Date;14500;ES
Rolex Oyster Perpetual Lady Date;4000;ES
Rolex Lady-Datejust;5695;ES
Rolex Lady-Datejust;2900;ES
Rolex GMT-Master II;22900;ES
Rolex Submariner Date;16037;US
Rolex Datejust 31;15000;ES
Rolex Yacht-Master 40;15950;ES
Rolex Explorer II;27900;ES
Rolex GMT-Master II;26850;ES
Rolex Oyster Perpetual Lady Date;3650;ES
Rolex Oyster Perpetual 36;7500;ES
Rolex Submariner (No Date);13500;ES
Rolex Daytona;28900;ES
Rolex Datejust 36;6792;US
Rolex Datejust 41;13000;ES
Rolex Sea-Dweller Deepsea;17950;ES
Rolex GMT-Master II;39990;ES
Rolex Submariner (No Date);19500;ES
Rolex Datejust 36;13500;ES
Rolex Oyster Perpetual Date;3585;ES
Rolex Yacht-Master 40;8900;ES
Rolex GMT-Master II;21000;ES
Rolex Day-Date 36;21697;US
Rolex Explorer II;12000;ES
Rolex Day-Date 40;;ES
Rolex Day-Date 36;19990;ES
Rolex Submariner (No Date);13500;ES
Rolex Lady-Datejust;;ES
Rolex Air King;9600;ES
Rolex Yacht-Master II;16300;ES
Rolex Sea-Dweller 4000;21500;ES
Rolex Daytona;55659;US
Rolex Yacht-Master 40;18750;ES
Rolex Datejust 41;10950;ES
Rolex Lady-Datejust;6900;ES
Rolex Day-Date 36;18000;ES
Rolex Lady-Datejust;13500;ES
Rolex Datejust 41;9990;ES
Rolex Submariner (No Date);20000;ES
Rolex GMT-Master II;17900;ES
Rolex Daytona;21697;US
Rolex Daytona;24000;ES
Rolex Daytona;;ES
Rolex Daytona;110000;ES
Rolex Sea-Dweller Deepsea;15500;ES
Rolex Datejust Oysterquartz;8000;ES
Rolex Air King;4800;ES
Rolex GMT-Master;17000;ES
Rolex Daytona;26900;ES
Rolex Daytona;73584;US
Rolex Datejust 36;5490;ES
Rolex Daytona;97500;ES
Rolex Day-Date 40;54000;ES
Rolex Datejust 36;;ES
Rolex Oyster Perpetual;2800;ES
Rolex Lady-Datejust;6900;ES
Rolex Submariner (No Date);16000;ES
Rolex Submariner (No Date);11900;ES
Rolex Submariner Date;47169;US
Rolex Oyster Perpetual Date;4780;ES
Rolex Daytona;45700;ES
Rolex Yacht-Master II;20450;ES
Rolex GMT-Master II;11450;ES
Rolex Oyster Perpetual Lady Date;3300;ES
Rolex GMT-Master;33900;ES
Rolex GMT-Master II;12000;ES
Rolex Oyster Perpetual 36;6300;ES
Rolex GMT-Master II;19810;US
Rolex Yacht-Master 40;10890;ES
Rolex GMT-Master II;58900;ES
Rolex Yacht-Master 42;31400;ES
Rolex Yacht-Master;15800;ES
Rolex Explorer;16500;ES
Rolex Oyster Perpetual Date;2900;ES
Rolex Cellini;2800;ES
Rolex Yacht-Master 40;28900;ES
Rolex Lady-Datejust;3773;US
Rolex Lady-Datejust;3350;ES
Rolex Datejust 41;19900;ES
Rolex Sea-Dweller Deepsea;16750;ES
Rolex Submariner Date;14500;ES
Rolex Cellini;3500;ES
Rolex Submariner Date;13679;ES
Rolex Submariner Date;15000;ES
Rolex GMT-Master II;23900;ES
Rolex Daytona;66037;US
Rolex Datejust 41;17500;ES
Rolex GMT-Master II;44500;ES
Rolex Yacht-Master II;45900;ES
Rolex Oyster Perpetual 36;10450;ES
Rolex Yacht-Master 40;34900;ES
Rolex Yacht-Master;8300;ES
Rolex Oyster Perpetual Date;12000;ES
Rolex Daytona;46900;ES
Rolex Submariner Date;13678;US
Rolex GMT-Master II;44900;ES
Rolex Datejust 36;5500;ES
Rolex Datejust 31;20000;ES
Rolex Datejust 36;5850;ES
Rolex Day-Date 40;54800;ES
Rolex Day-Date 40;62000;ES
Rolex Lady-Datejust;5400;ES
Rolex Lady-Datejust;17900;ES
Rolex Datejust 41;17924;US
Rolex GMT-Master;25000;ES
Rolex Datejust 36;6300;ES
Rolex Submariner Date;55950;ES
Rolex Air King;10200;ES
Rolex Datejust 41;19900;ES
Rolex Submariner (No Date);34900;ES
Rolex Daytona;62900;ES
Rolex Yacht-Master 40;17900;ES
Rolex Lady-Datejust;8018;US
Rolex Datejust 41;12450;ES
Rolex Submariner Date;15000;ES
Rolex Sea-Dweller;19000;ES
Rolex Oyster Perpetual 31;3300;ES
Rolex Day-Date 40;;ES
Rolex Datejust 36;6765;ES
Rolex Lady-Datejust;3950;ES
Rolex Submariner (No Date);11400;ES
Rolex Lady-Datejust;4716;US
Rolex Day-Date 40;;ES
Rolex Datejust 36;5350;ES
Rolex Submariner Date;19500;ES
Rolex Submariner Date;17500;ES
Rolex GMT-Master II;15000;ES
Rolex Submariner Date;28000;ES
Rolex Daytona;;ES
Rolex Datejust 36;9900;ES
Rolex Day-Date 36;44900;ES
Rolex Oyster Perpetual 34;5500;ES
Rolex Oyster Perpetual Date;4200;ES
Rolex Daytona;80000;ES
Rolex Submariner (No Date);17500;ES
Rolex Submariner Date;11900;ES
Rolex Datejust 36;5394;ES
Rolex Daytona;59000;ES
Rolex Daytona;53000;ES
Rolex Datejust 36;5950;ES
Rolex Datejust 41;16700;ES
Rolex Day-Date 40;46300;ES
Rolex Yacht-Master 42;31900;ES
Rolex Submariner (No Date);13850;ES
Rolex Day-Date 40;45500;ES
Rolex Daytona;83879;ES
Rolex Lady-Datejust;3950;ES
Rolex Datejust 36;15900;ES
Rolex Daytona;51900;ES
Rolex Submariner (No Date);20000;ES
Rolex Oyster Perpetual Date;4500;ES
Rolex Submariner Date;18000;ES
Rolex Cellini;3500;ES
Rolex Daytona;40850;ES
Rolex Oyster Perpetual Lady Date;2200;ES
Rolex Daytona;49900;ES
Rolex GMT-Master II;13600;ES
Rolex Datejust 31;5850;ES
Rolex Day-Date 40;54900;ES
Rolex Daytona;43900;ES
Rolex Lady-Datejust;35000;ES
Rolex Lady-Datejust;3950;ES
Rolex Datejust 41;16300;ES
Rolex GMT-Master II;11500;ES
Rolex Daytona;53450;ES
Rolex GMT-Master II;21000;ES
Rolex Submariner Date;11500;ES
Rolex Oyster Perpetual Date;13000;ES
Rolex Cellini;2950;ES
Rolex GMT-Master II;22800;ES
Rolex Oyster Perpetual Date;3450;ES
Rolex Day-Date 40;;ES
Rolex Datejust 36;3936;ES
Rolex Daytona;42900;ES
Rolex Day-Date 36;54000;ES
Rolex Submariner Date;14900;ES
Rolex Daytona;52900;ES
Rolex Cellini;3700;ES
Rolex Day-Date 36;15000;ES
Rolex GMT-Master II;17000;ES
Rolex Day-Date II;56000;ES
Rolex Sea-Dweller Deepsea;10990;ES
Rolex Daytona;;ES
Rolex Daytona;54900;ES
Rolex Yacht-Master 37;14600;ES
Rolex Oyster Perpetual Date;5200;ES
Rolex Daytona;;ES
Rolex Daytona;;ES
Rolex Datejust 36;14500;ES
Rolex Submariner (No Date);13500;ES
Rolex Daytona;59500;ES
Rolex;4900;ES
Rolex Oyster Perpetual Date;6290;ES
Rolex Oyster Perpetual Date;4700;ES
Rolex Daytona;;ES
Rolex Air King;4500;ES
Rolex Datejust 36;5300;ES
Rolex Oyster Perpetual 41;11500;ES
Rolex GMT-Master;19000;ES
Rolex Milgauss;15900;ES
Rolex Lady-Datejust;3400;ES
Rolex Milgauss;11750;ES
Rolex Yacht-Master 40;13400;ES
Rolex Daytona;40800;ES
Rolex Submariner Date;13000;ES
Rolex Datejust 41;12690;ES
Rolex Lady-Datejust;3500;ES
Rolex Day-Date 36;12000;ES
Rolex Lady-Datejust;12000;ES
Rolex Oyster Perpetual Lady Date;2200;ES
Rolex Lady-Datejust;3950;ES
Rolex Explorer II;13300;ES
Rolex Daytona;;ES
Rolex Oyster Perpetual 31;2800;ES
Rolex GMT-Master II;21750;ES
Rolex Yacht-Master 40;;ES
Rolex Oyster Perpetual Date;4650;ES
Rolex Day-Date 36;65500;ES
Rolex Day-Date II;71900;ES
Rolex Daytona;27500;ES
Rolex Lady-Datejust;5400;ES
Rolex Datejust 41;10700;ES
Rolex Daytona;49900;ES
Rolex Oyster Perpetual Date;9000;ES
Rolex Oyster Perpetual Date;4500;ES
Rolex Day-Date 36;12850;ES
Rolex Day-Date 36;12500;ES
Rolex Submariner Date;10800;ES
Rolex Datejust 36;13900;ES
Rolex Submariner Date;18500;ES
Rolex Daytona;23500;ES
Rolex Datejust 36;19500;ES
Rolex Daytona;43000;ES
Rolex GMT-Master;14500;ES
Rolex Oyster Perpetual 34;7600;ES
Rolex GMT-Master II;11250;ES
Rolex Explorer II;9900;ES
Rolex Submariner (No Date);11300;ES
Rolex Air King;11500;ES
Rolex Datejust 41;14100;ES
Rolex Oyster Perpetual Date;4500;ES
Rolex GMT-Master;18000;ES
Rolex Datejust Oysterquartz;6900;ES
Rolex;7990;ES
Rolex Day-Date 36;75900;ES
Rolex;19990;ES
Rolex Sea-Dweller Deepsea;15900;ES
Rolex Precision;2750;ES
Rolex Daytona;;ES
Rolex Daytona;50000;ES
Rolex Oyster Perpetual Date;5900;ES
Rolex Daytona;23500;ES
Rolex Day-Date 36;19500;ES
Rolex Air King;10500;ES
Rolex;3500;ES
Rolex Datejust II;15400;ES
Rolex Oyster Perpetual Date;3400;ES
Rolex Datejust 41;16500;ES
Rolex Day-Date II;47900;ES
Rolex Submariner Date;13450;ES
Rolex;2800;ES
Rolex Daytona;43900;ES
Rolex Datejust 41;15690;ES
Rolex GMT-Master II;45000;ES
Rolex Sea-Dweller Deepsea;12500;ES
Rolex Sea-Dweller;25500;ES
Rolex Lady-Datejust;3750;ES
Rolex Sky-Dweller;25950;ES
Rolex Datejust 41;19900;ES
Rolex Air King;3100;ES
Rolex Lady-Datejust;3500;ES
Rolex Datejust 41;12800;ES
Rolex Daytona;81500;ES
Rolex Sea-Dweller;61231;ES
Rolex Datejust 41;14500;ES
Rolex GMT-Master II;43900;ES
Rolex Datejust 41;15900;ES
Rolex Submariner Date;17900;ES
Rolex Explorer;8250;ES
Rolex Daytona;54500;ES
Rolex Submariner Date;11000;ES
Rolex Daytona;52478;ES
Rolex Daytona;23500;ES
Rolex Datejust 36;10500;ES
Rolex Submariner Date;15600;ES
Rolex Oyster Perpetual 41;8560;ES
Rolex Datejust 41;12800;ES
Rolex Oyster Perpetual Date;4900;ES
Rolex Submariner (No Date);10600;ES
Rolex Lady-Datejust;3550;ES
Rolex Oysterdate Precision;4750;ES
Rolex GMT-Master II;18500;ES
Rolex Datejust 31;7400;ES
Rolex Datejust 31;8300;ES
Rolex Datejust 41;15900;ES
Rolex Datejust II;13500;ES
Rolex Datejust 36;4180;ES
Rolex Sea-Dweller;14609;ES
Rolex Oysterdate Precision;2800;ES
Rolex Milgauss;12990;ES
Rolex Daytona;;ES
Rolex Datejust 36;15000;ES
Rolex;3450;ES
Rolex Datejust 41;19900;ES
Rolex Submariner Date;20000;ES
Rolex Oyster Perpetual Lady Date;2750;ES
Rolex Submariner Date;44000;ES
Rolex Oyster Perpetual 41;10900;ES
Rolex Day-Date 40;46900;ES
Rolex Datejust 31;9900;ES
Rolex Submariner Date;16000;ES
Rolex;10900;ES
Rolex Day-Date 40;61900;ES
Rolex Datejust 36;11000;ES
Rolex GMT-Master II;16500;ES
Rolex GMT-Master II;19500;ES
Rolex Oyster Perpetual Lady Date;2900;ES
Rolex Submariner Date;12500;ES
Rolex GMT-Master II;25900;ES
Rolex Air King;3500;ES
Rolex Sea-Dweller Deepsea;15100;ES
Rolex Submariner Date;16400;ES
Rolex GMT-Master II;19490;ES
Rolex Oyster Perpetual;2950;ES
Rolex Submariner Date;16000;ES
Rolex Day-Date 40;;ES
Rolex Daytona;40000;ES
Rolex Oyster Perpetual 36;8975;ES
Rolex Daytona;;ES
Rolex Milgauss;8500;ES
Rolex Datejust II;9906;ES
Rolex Daytona;;ES
Rolex GMT-Master II;21000;ES
Rolex Submariner Date;14500;ES
Rolex GMT-Master;24000;ES
Rolex Explorer;9490;ES
Rolex Submariner Date;13990;ES
Rolex Datejust 41;19900;ES
Rolex Submariner Date;18900;ES
Rolex Datejust 41;15000;ES
Rolex Oyster Perpetual;4900;ES
Rolex Yacht-Master 40;22000;ES
Rolex GMT-Master II;;ES
Rolex Datejust 31;4500;ES
Rolex Oyster;2650;ES
Rolex Yacht-Master II;35900;ES
Rolex Datejust 36;15900;ES
Rolex Oyster Perpetual 26;5490;ES
Rolex Sea-Dweller 4000;14500;ES
Rolex Daytona;125000;ES
Rolex Daytona;28500;ES
Rolex Day-Date 40;48000;ES
Rolex GMT-Master;25500;ES
Rolex Datejust 36;12000;ES
Rolex GMT-Master II;19900;ES
Rolex Oyster Perpetual Date;4300;ES
Rolex Datejust 41;14500;ES
Rolex Oysterdate Precision;3395;ES
Rolex Submariner Date;16090;ES
Rolex Explorer II;10750;ES
Rolex Datejust 41;13500;ES
Rolex GMT-Master II;18900;ES
Rolex Daytona;49800;ES
Rolex Explorer II;9500;ES
Rolex Submariner Date;15490;ES
Rolex Explorer II;10950;ES
Rolex Day-Date 36;8900;ES
Rolex Yacht-Master;18700;ES
Rolex Datejust 41;13890;ES
Rolex Daytona;31900;ES
Rolex Explorer;8800;ES
Rolex Oyster Perpetual Date;4500;ES
Rolex Sky-Dweller;41000;ES
Rolex Explorer II;10900;ES
Rolex Oyster Perpetual 41;9400;ES
Rolex Datejust II;11490;ES
Rolex Datejust 41;10000;ES
Rolex Oyster Perpetual;2900;ES
Rolex Daytona;17999;ES
Rolex Daytona;29500;ES
Rolex Datejust 31;8500;ES
Rolex Day-Date 40;;ES
Rolex Oyster Perpetual 31;7500;ES
Rolex Submariner Date;17250;ES
Rolex Submariner Date;35000;ES
Rolex Air King;10750;ES
Rolex Datejust II;11000;ES
Rolex Sea-Dweller;54800;ES
Rolex Day-Date 36;90000;ES
Rolex Submariner (No Date);13695;ES
Rolex Datejust 36;8800;ES
Rolex Daytona;42900;ES
Rolex Datejust 36;13800;ES
Rolex Oyster Perpetual Date;6250;ES
Rolex GMT-Master II;23900;ES
Rolex Explorer II;8750;ES
Rolex Explorer;13000;ES
Rolex Sky-Dweller;22000;ES
Rolex Submariner Date;12000;ES
Rolex Datejust 41;14499;ES
Rolex GMT-Master;14500;ES
Rolex Daytona;52000;ES
Rolex Datejust 36;6350;ES
Rolex Sea-Dweller;13900;ES
Rolex GMT-Master II;15000;ES
Rolex Oyster Perpetual 34;8500;ES
Rolex Air King;10150;ES
Rolex Submariner Date;24900;ES
Rolex Lady-Datejust;11500;ES
Rolex Oyster Perpetual Date;6750;ES
Rolex GMT-Master II;19000;ES
Rolex Explorer;11600;ES
Rolex Datejust 41;9000;ES
Rolex Datejust 41;15000;ES
Rolex Sea-Dweller Deepsea;15550;ES
Rolex Datejust 31;9800;ES
Rolex Day-Date 36;16863;ES
Rolex Daytona;47000;ES
Rolex Air King;9450;ES
Rolex Day-Date 40;44900;ES
Rolex Sea-Dweller Deepsea;15150;ES
Rolex Cellini;4800;ES
Rolex Oyster Perpetual 34;7650;ES
Rolex Lady-Datejust;4500;ES
Rolex Submariner Date;22000;ES
Rolex Daytona;25500;ES
Rolex Submariner Date;17500;ES
Rolex Sky-Dweller;21000;ES
Rolex Submariner Date;15500;ES
Rolex GMT-Master II;29000;ES
Rolex Oyster Perpetual Date;6200;ES
Rolex Submariner Date;12500;ES
Rolex Submariner Date;25000;ES
Rolex Daytona;39000;ES
Rolex GMT-Master II;16700;ES
Rolex Daytona;40000;ES
Rolex GMT-Master II;18000;ES
Rolex GMT-Master II;14500;ES
Rolex Oyster Perpetual 34;7500;ES
Rolex Sky-Dweller;25700;ES
Rolex Submariner Date;16500;ES
Rolex Day-Date 40;49850;ES
Rolex Yacht-Master 40;16590;ES
Rolex Sea-Dweller;17450;ES
Rolex Submariner Date;17590;ES
Rolex Chronograph;35000;ES
Rolex GMT-Master II;20950;ES
Rolex Datejust 41;12500;ES
Rolex Datejust 36;7500;ES
Rolex Milgauss;12900;ES
Rolex Daytona;22500;ES
Rolex Datejust 41;11390;ES
Rolex Submariner Date;16000;ES
Rolex Yacht-Master II;28750;ES
Rolex Yacht-Master 40;16000;ES
Rolex Daytona;44435;ES
Rolex Submariner Date;17500;ES
Rolex Datejust 36;12500;ES
Rolex Submariner (No Date);13200;ES
Rolex Oyster Perpetual 36;9500;ES
Rolex Yacht-Master 40;33000;ES
Rolex Oyster Perpetual 41;11450;ES
Rolex Sea-Dweller Deepsea;15750;ES
Rolex GMT-Master II;17500;ES
Rolex Datejust 36;6900;ES
Rolex Datejust 41;12500;ES
Rolex Lady-Datejust;4500;ES
Rolex Yacht-Master 40;16000;ES
Rolex Day-Date 36;19000;ES
Rolex Explorer;9000;ES
Rolex Oyster Perpetual;6999;ES
Rolex Datejust 36;17500;ES
Rolex Submariner Date;17200;ES
Rolex Datejust Oysterquartz;7700;ES
Rolex GMT-Master II;17990;ES
Rolex Submariner Date;12200;ES
Rolex GMT-Master;12000;ES
Rolex Submariner Date;10650;ES
Rolex Oyster Perpetual 36;13996;ES
Rolex Sky-Dweller;44000;ES
Rolex Daytona;25500;ES
Rolex Datejust 36;9000;ES
Rolex Oyster Perpetual Date;5450;ES
Rolex Yacht-Master 40;8850;ES
Rolex Lady-Datejust;7993;ES
Rolex Datejust 41;18990;ES
Rolex Cellini;3800;ES
Rolex GMT-Master II;24000;ES
Rolex Datejust 36;5790;ES
Rolex GMT-Master II;23950;ES
Rolex Datejust 36;8900;ES
Rolex Explorer II;7900;ES
Rolex Sea-Dweller;20410;ES
Rolex GMT-Master II;22890;ES
Rolex GMT-Master II;14971;ES
Rolex Submariner Date;15800;ES
Rolex Sky-Dweller;42450;ES
Rolex Submariner Date;21000;ES
Rolex Lady-Datejust;4955;ES
Rolex Sea-Dweller;19900;ES
Rolex Sky-Dweller;50000;ES
Rolex Submariner (No Date);17000;ES
Rolex Lady-Datejust;5093;ES
Rolex Daytona;30000;ES
Rolex Datejust 36;4000;NL
Rolex Oyster Perpetual Date;7424;ES
Rolex Datejust 36;6200;ES
Rolex Submariner Date;11900;ES
Rolex Yacht-Master 40;19500;ES
Rolex GMT-Master II;19450;ES
Rolex Oyster Perpetual 36;7999;ES
Rolex Oyster Perpetual Date;4300;ES
Rolex Milgauss;10499;ES
Rolex Oyster Perpetual 31;8850;ES
Rolex Oyster Perpetual 41;16750;ES
Rolex Oyster Perpetual;2800;ES
Rolex Oyster Perpetual Date;5000;ES
Rolex Datejust 41;16250;ES
Rolex Submariner Date;17290;ES
Rolex Oyster Perpetual 41;9000;ES
Rolex GMT-Master II;14200;ES
Rolex Datejust 41;17000;ES
Rolex Daytona;23800;ES
Rolex Daytona;23999;ES
Rolex Oyster Perpetual;3650;ES
Rolex Sea-Dweller;14500;ES
Rolex GMT-Master II;14000;ES
Rolex Oyster Perpetual Date;3900;ES
Rolex Submariner Date;18500;ES
Rolex Submariner Date;18500;ES
Rolex Submariner;13500;ES
Rolex Lady-Datejust;6059;ES
Rolex Submariner Date;17990;ES
Rolex Oyster Perpetual Lady Date;2200;ES
Rolex Submariner Date;17300;ES
Rolex Datejust;6000;ES
Rolex Datejust Turn-O-Graph;19500;ES
Rolex Oyster Perpetual 36;12750;ES
Rolex Air King;10099;ES
Rolex Datejust 31;9800;ES
Rolex Cellini;3399;HU
Rolex Yacht-Master;7499;ES
Rolex GMT-Master;16900;ES
Rolex Datejust 36;5200;ES
Rolex Oyster Perpetual 36;14500;ES
Rolex Oyster Perpetual Date;7890;ES
Rolex Explorer II;8250;ES
Rolex Datejust II;14450;ES
Rolex Air King;4200;ES
Rolex Oyster Perpetual Date;6950;ES
Rolex Datejust 41;12850;ES
Rolex Submariner Date;14500;ES
Rolex Sky-Dweller;43750;ES
Rolex Oyster Perpetual Lady Date;3500;ES
Rolex Air King;13900;ES
Rolex Oyster Perpetual Date;4700;ES
Rolex Datejust 36;7432;ES
Rolex Oyster Perpetual Date;4200;ES
Rolex Yacht-Master 40;12500;ES
Rolex Daytona;60000;ES
Rolex Daytona;27800;ES
Rolex Oyster Perpetual 31;5900;ES
Rolex Submariner Date;8500;ES
Rolex Daytona;46500;ES
Rolex Daytona;35000;ES
Rolex Prince;7900;ES
Rolex Lady-Datejust;4400;ES
Rolex Daytona;44000;ES
Rolex Datejust 36;19500;ES
Rolex Oyster Perpetual Date;3750;ES
Rolex Submariner Date;18000;ES
Rolex Datejust 36;5500;ES
Rolex Air King;4900;ES
Rolex Datejust 31;12250;ES
Rolex GMT-Master II;15800;ES
Rolex Air King;;ES
Rolex Datejust 36;12900;ES
Rolex Lady-Datejust;4400;ES
Rolex Daytona;79000;ES
Rolex Oyster Perpetual 26;3390;ES
Rolex;4400;ES
Rolex Lady-Datejust Pearlmaster;12900;ES
Rolex Day-Date;14900;ES
Rolex GMT-Master;21800;ES
Rolex Lady-Datejust;4490;ES
Rolex Day-Date 40;41950;ES
Rolex Oyster Perpetual Date;4800;ES
Rolex Oyster Perpetual Date;4650;ES
Rolex Oyster Perpetual 31;8900;ES
Rolex Oyster Perpetual Date;5441;ES
Rolex Air King;4200;ES
Rolex Submariner (No Date);15500;ES
Rolex Milgauss;12190;PL
Rolex Lady-Datejust;9500;ES
Rolex Oyster Perpetual Lady Date;5590;ES
Rolex Submariner (No Date);10500;ES
Rolex Oyster Perpetual Lady Date;3850;ES
Rolex Datejust 36;5500;ES
Rolex Datejust 36;6950;ES
Rolex GMT-Master II;14500;ES
Rolex Daytona;22857;PL
Rolex GMT-Master II;30500;ES
Rolex Air King;6800;ES
Rolex Lady-Datejust;5500;ES
Rolex;5390;ES
Rolex Air King;4200;ES
Rolex Day-Date 36;28500;ES
Rolex Datejust Turn-O-Graph;8800;ES
Rolex Explorer II;8000;ES
Rolex Daytona;28450;ES
Rolex Lady-Datejust;4630;ES
Rolex Oyster Perpetual Lady Date;2500;ES
Rolex Pearlmaster;57000;ES
Rolex Oyster Perpetual 26;5500;ES
Rolex Oyster Perpetual 41;17850;PL
Rolex Oyster Perpetual Date;5700;ES
Rolex Air King;4200;ES
Rolex Cellini;6500;ES
Rolex Lady-Datejust;3900;ES
Rolex Datejust 36;6800;ES
Rolex Oyster Perpetual Lady Date;2300;ES
Rolex Oyster Perpetual Date;6400;ES
Rolex Oyster Perpetual 34;6700;ES
Rolex Oyster Perpetual;3900;ES
Rolex GMT-Master II;11500;ES
Rolex Oyster Perpetual Lady Date;7900;ES
Rolex Submariner Date;14500;ES
Rolex Daytona;65000;ES
Rolex Sea-Dweller;20755;US
Rolex Sea-Dweller Deepsea;16264;US
Rolex Oyster Perpetual Lady Date;3850;ES
Rolex Sea-Dweller;14244;US
Rolex Air King;4200;ES
Rolex GMT-Master II;52500;ES
Rolex Submariner Date;10000;ES
Rolex Chronograph;17500;ES
Rolex Oyster Perpetual Date;13700;ES
Rolex Oyster Perpetual Date;5500;ES
Rolex Oyster Perpetual Date;4300;ES
Rolex Datejust Turn-O-Graph;7050;ES
Rolex;7500;ES
Rolex Oyster Perpetual Date;5500;ES
Rolex Oyster Perpetual Date;3995;ES
Rolex Air King;5200;ES
Rolex Oyster Perpetual 34;4500;ES
Rolex Day-Date 36;47000;ES
Rolex Oyster Perpetual Lady Date;2000;ES
Rolex Oyster Perpetual Date;5500;ES
Rolex Day-Date 36;12900;ES
Rolex Oyster Perpetual Date;5500;ES
Rolex Precision;6500;ES
Rolex Cellini;6300;ES
Rolex Oyster Perpetual Lady Date;3500;ES
Rolex Lady-Datejust;9500;ES
Rolex Datejust 36;12500;ES
Rolex Day-Date 36;34000;ES
Rolex Oyster Perpetual Date;3500;ES
Rolex Oyster Perpetual 31;5300;ES
Rolex Oyster Perpetual 26;5500;ES
Rolex Daytona;24500;ES
Rolex Lady-Datejust;3950;ES
Rolex Oyster Perpetual Date;11500;ES
Rolex Daytona;40000;ES
Rolex Air King;4200;ES
Rolex Oyster Perpetual Date;4500;ES
Rolex Oyster Perpetual Date;5000;ES
Rolex Oyster Perpetual;3000;ES
Rolex Oyster Perpetual Date;5900;ES
Rolex Oyster Perpetual Date;5500;ES
Rolex Datejust 31;5700;ES
Rolex Lady-Datejust;4500;ES
Rolex Oyster Perpetual Lady Date;5700;ES
Rolex Day-Date 36;12800;ES
Rolex Day-Date 36;37500;ES
Rolex Cellini;3500;ES
Rolex Cellini;3500;ES
Rolex Oyster Perpetual Lady Date;2850;ES
Rolex Submariner (No Date);11000;ES
Rolex Lady-Datejust;5200;ES
Rolex Yacht-Master II;22900;ES
Rolex Air King;5200;ES
Rolex Datejust 36;6500;ES
Rolex Air King;5200;ES
Rolex;4500;ES
Rolex Oyster Perpetual 31;5300;ES
Rolex Oyster Perpetual Date;5500;ES
Rolex Oyster Perpetual Date;5700;ES
Rolex Day-Date 36;49000;ES
Rolex Datejust 36;5700;ES
Rolex Sky-Dweller;49500;ES
Rolex Datejust 36;8900;ES
Rolex Oyster Perpetual Date;5500;ES
Rolex Oyster Perpetual Date;5900;ES
Rolex Air King;4200;ES
Rolex Oyster Perpetual 26;5500;ES
Rolex Datejust Oysterquartz;6500;ES
Rolex Air King;5200;ES
Rolex Cellini Danaos;4950;ES
Rolex GMT-Master;;ES
Rolex Day-Date 36;15995;ES
Rolex Oyster Perpetual Date;5500;ES
Rolex GMT-Master;95000;ES
Rolex Oyster Perpetual Date;6500;ES
Rolex Datejust II;13500;ES
Rolex Lady-Datejust;3200;ES
Rolex Oyster Perpetual Date;5500;ES
Rolex Oyster Perpetual Date;5950;ES
Rolex Datejust Oysterquartz;6800;ES
Rolex;18000;ES
Rolex Lady-Datejust;3650;ES
Rolex GMT-Master;16150;ES
Rolex Air King;5200;ES
Rolex GMT-Master;13500;ES
Rolex Explorer;8900;ES
Rolex Submariner (No Date);23500;ES
Rolex Submariner (No Date);9500;ES
Rolex Oyster Perpetual Date;5500;ES
Rolex Lady-Datejust;5500;ES
Rolex Day-Date 36;18500;ES
Rolex GMT-Master II;12500;ES
Rolex Air King;6800;ES
Rolex Day-Date 36;13700;ES
Rolex Datejust 36;6500;ES
Rolex Oyster Perpetual 31;5300;ES
Rolex Datejust 36;29500;ES
Rolex Datejust 36;6500;ES
Rolex Submariner Date;22500;ES
Rolex Datejust 31;5700;ES
Rolex Lady-Datejust;4850;ES
Rolex Datejust 36;8800;ES
Rolex GMT-Master II;10900;ES
Rolex;2300;ES
Rolex Lady-Datejust;11900;ES
Rolex Datejust 41;14950;ES
Rolex Datejust 36;6500;ES
Rolex Datejust 36;5990;NL
Rolex Datejust Oysterquartz;7400;ES
Rolex Lady-Datejust;4500;ES
Rolex Datejust 31;4500;ES
Rolex Lady-Datejust;4850;ES
Rolex;5300;ES
Rolex Datejust 36;8900;ES
Rolex Lady-Datejust;9500;ES
Rolex Day-Date 36;13700;ES
Rolex Submariner (No Date);150000;ES
Rolex Oyster Perpetual Date;5500;ES
Rolex Day-Date Oysterquartz;13200;ES
Rolex Datejust 36;21500;ES
Rolex;;ES
Rolex Lady-Datejust;5400;ES
Rolex Oyster Perpetual Date;5500;ES
Rolex GMT-Master II;14500;ES
Rolex Datejust 41;10000;ES
Rolex Air King;5200;ES
Rolex Lady-Datejust;6500;ES
Rolex Datejust Turn-O-Graph;5350;ES
Rolex Submariner Date;9500;ES
Rolex;4490;ES
Rolex Oyster Perpetual;4500;ES
Rolex Oyster Perpetual Date;8500;ES
Rolex Cellini;3350;ES
Rolex Oyster Perpetual Date;10500;ES
Rolex Submariner Date;10500;ES
Rolex Oyster Perpetual Lady Date;2700;ES
Rolex Daytona;28500;ES
Rolex Submariner (No Date);10500;ES
Rolex Datejust 31;5000;ES
Rolex Day-Date 36;14500;ES
Rolex Lady-Datejust;7200;ES
Rolex Oyster Perpetual 31;4100;ES
Rolex Sea-Dweller 4000;9500;ES
Rolex Oyster Perpetual Date;4500;ES
Rolex Oyster Perpetual Lady Date;3500;ES
Rolex Datejust 31;12800;ES
Rolex Datejust 36;6500;ES
Rolex Day-Date 36;17500;ES
Rolex GMT-Master II;17500;ES
Rolex Datejust 31;3450;ES
Rolex;8000;ES
Rolex Datejust 36;6900;ES
Rolex Lady-Datejust;3890;ES
Rolex Datejust 36;9500;ES
Rolex Oyster Perpetual;7900;ES
Rolex Explorer;8290;ES
Rolex Submariner Date;10500;ES
Rolex Oyster Perpetual Date;6300;ES
Rolex Oyster Perpetual Lady Date;3600;ES
Rolex GMT-Master;13300;ES
Rolex Datejust 31;7500;DE
Rolex Datejust 31;3600;ES
Rolex Datejust 36;12500;ES
Rolex Submariner Date;16800;ES
Rolex Oyster Perpetual 34;7450;ES
Rolex Oyster Perpetual;3700;ES
Rolex Oyster Perpetual Lady Date;2450;ES
Rolex Datejust 36;5850;ES
Rolex Submariner Date;20500;ES
Rolex Oyster Perpetual Date;6850;ES
Rolex Oyster Perpetual;3950;ES
Rolex Day-Date Oysterquartz;33500;ES
Rolex GMT-Master;14500;ES
Rolex Air King;8750;ES
Rolex Datejust Oysterquartz;5250;NL
Rolex Cellini;6400;ES
Rolex Datejust 36;4100;ES
Rolex Oyster Perpetual Lady Date;2350;ES
Rolex Datejust 36;4800;ES
Rolex Lady-Datejust;6000;ES
Rolex Submariner (No Date);10500;ES
Rolex Datejust 36;5500;ES
Rolex Lady-Datejust;5800;ES
Rolex Datejust 36;7300;ES
Rolex Oyster Perpetual Date;4800;ES
Rolex Datejust 31;13500;ES
Rolex Sea-Dweller 4000;10500;ES
Rolex Oyster Perpetual 34;4250;ES
Rolex Oyster Perpetual Lady Date;2500;ES
Rolex Lady-Datejust;4800;ES
Rolex;4200;ES
Rolex Day-Date 36;16950;ES
Rolex Oyster Perpetual Date;5500;ES
Rolex Oyster Perpetual Date;4950;ES
Rolex Datejust 36;7000;ES
Rolex Yacht-Master 40;11995;ES
Rolex Datejust Oysterquartz;5000;ES
Rolex Oyster Perpetual Date;5500;ES
Rolex Datejust 36;5100;ES
Rolex GMT-Master;18500;ES
Rolex Datejust 36;5750;ES
Rolex Oyster Perpetual Lady Date;2200;ES
Rolex Oyster Perpetual;3100;ES
Rolex Submariner Date;9500;ES
Rolex Datejust 31;4400;ES
Rolex Sea-Dweller;15500;ES
Rolex Oyster Perpetual 26;2300;ES
Rolex Lady-Datejust;5950;ES
Rolex Oyster Perpetual Date;4200;ES
Rolex Oyster Perpetual;1950;ES
Rolex Oyster Perpetual Date;4200;ES
Rolex Lady-Datejust;6250;ES
Rolex Datejust Oysterquartz;5000;ES
Rolex Oyster Perpetual Date;6500;ES
Rolex GMT-Master;13200;ES
Rolex Oyster Perpetual Date;5000;ES
Rolex Submariner (No Date);10500;ES
Rolex Lady-Datejust;4200;ES
Rolex Air King;3650;ES
Rolex Submariner Date;16500;ES
Rolex Oyster Perpetual Lady Date;2400;ES
Rolex Lady-Datejust;4500;ES
Rolex Datejust 36;7350;ES
Rolex Prince;3800;ES
Rolex Oyster Perpetual 26;2800;ES
Rolex Daytona;28990;ES
Rolex Oyster Perpetual Lady Date;2850;ES
Rolex Submariner Date;10000;ES
Rolex Submariner (No Date);15500;ES
Rolex Lady-Datejust;3650;ES
Rolex Lady-Datejust;4650;ES
Rolex Lady-Datejust;4000;ES
Rolex Lady-Datejust;5900;ES
Rolex Datejust 36;4800;ES
Rolex Day-Date 36;23900;ES
Rolex Datejust 36;10200;ES
Rolex Oyster Perpetual Lady Date;2500;ES
Rolex Lady-Datejust;4550;ES
Rolex Submariner Date;22200;ES
Rolex Datejust 36;13800;ES
Rolex Datejust 31;5200;ES
Rolex Cellini;2400;ES
Rolex Oyster Perpetual Date;5500;ES
Rolex Lady-Datejust;3800;ES
Rolex Sea-Dweller 4000;9500;ES
Rolex Oyster Perpetual Lady Date;3700;ES
Rolex Milgauss;9990;ES
Rolex Oyster Perpetual Lady Date;2600;ES
Rolex Datejust 36;5850;ES
Rolex Datejust 36;8500;ES
Rolex Lady-Datejust;4400;ES
Rolex Lady-Datejust;6000;ES
Rolex Submariner Date;25000;ES
Rolex Oysterdate Precision;3990;ES
Rolex Day-Date 36;28800;ES
Rolex Oyster Perpetual Date;6200;ES
Rolex Lady-Datejust;6000;ES
Rolex Lady-Datejust;8000;ES
Rolex Datejust 36;5650;ES
Rolex Datejust Turn-O-Graph;6950;ES
Rolex Datejust 36;6500;ES
Rolex Yacht-Master;13350;ES
Rolex Daytona;25200;ES
Rolex Air King;4200;ES
Rolex Oyster Perpetual Lady Date;2600;ES
Rolex Oyster Perpetual Date;4800;ES
Rolex Daytona;23550;ES
Rolex Datejust 36;6500;ES
Rolex Datejust 36;6500;ES
Rolex Oyster Perpetual Lady Date;3500;ES
Rolex Lady-Datejust;3800;ES
Rolex GMT-Master II;11600;ES
Rolex Oyster Perpetual Lady Date;3090;ES
Rolex Submariner Date;12000;ES
Rolex Oyster Perpetual Date;12000;ES
Rolex Lady-Datejust;5000;ES
Rolex Lady-Datejust;4100;ES
Rolex Oyster Perpetual;2850;ES
Rolex Datejust 31;4800;ES
Rolex Lady-Datejust;4350;ES
Rolex Datejust 31;4400;ES
Rolex Oyster Perpetual Lady Date;3100;ES
Rolex GMT-Master II;15900;ES
Rolex Lady-Datejust;4500;ES
Rolex Datejust 36;7200;ES
Rolex Lady-Datejust;8000;ES
Rolex Daytona;46200;ES
Rolex Datejust 31;10550;ES
Rolex Lady-Datejust;3900;ES
Rolex Daytona;26890;ES
Rolex GMT-Master II;12100;ES
Rolex;2800;ES
Rolex Oyster Perpetual Date;5200;ES
Rolex Datejust 36;6220;ES
Rolex Datejust Turn-O-Graph;7500;ES
Rolex Oyster Perpetual Date;6400;ES
Rolex Datejust 36;5800;ES
Rolex Oyster Perpetual Date;6350;ES
Rolex Oyster Perpetual Lady Date;2650;ES
Rolex GMT-Master II;25600;ES
Rolex Datejust 36;5500;ES
Rolex Oyster Perpetual;3800;ES
Rolex Datejust 36;6500;ES
Rolex Oyster Perpetual Lady Date;3400;ES
Rolex Oyster Perpetual Date;4350;ES
Rolex Datejust 36;5700;ES
Rolex;2800;ES
Rolex Oyster Perpetual Date;4950;ES
Rolex Oyster Perpetual Date;3950;ES
Rolex GMT-Master;16100;ES
Rolex Oyster Perpetual Date;4450;ES
Rolex Datejust 36;5200;ES
Rolex Oyster Perpetual Date;3900;ES
Rolex Lady-Datejust;3950;ES
Rolex Oyster Perpetual;3600;ES
Rolex Sea-Dweller 4000;12700;ES
Rolex Submariner Date;11900;ES
Rolex Submariner Date;63500;ES
Rolex Oyster Perpetual Lady Date;3100;ES
Rolex Milgauss;14800;ES
Rolex Lady-Datejust;3700;ES
Rolex Daytona;25900;IT
Rolex Oyster Perpetual Lady Date;2750;ES
Rolex Oyster Perpetual Lady Date;2350;ES
Rolex GMT-Master II;29990;ES
Rolex GMT-Master II;16250;ES
Rolex Explorer;9650;ES
Rolex Oyster Perpetual;2600;ES
Rolex Daytona;39000;ES
Rolex Day-Date 36;15100;ES
Rolex Oyster Perpetual Date;4950;ES
Rolex Submariner Date;19930;ES
Rolex Daytona;62500;ES
Rolex Oyster Perpetual 36;14330;ES
Rolex Oyster Perpetual Lady Date;3290;ES
Rolex Datejust 36;7400;ES
Rolex GMT-Master II;27980;ES
Rolex Submariner Date;29900;ES
Rolex Oyster Perpetual Lady Date;3800;ES
Rolex Oyster Perpetual;6600;ES
Rolex;11000;ES
Rolex Submariner Date;17200;ES
Rolex Daytona;;ES
Rolex Datejust 41;18500;ES
Rolex Datejust 36;10250;ES
Rolex Datejust 36;6500;ES
Rolex Datejust 36;8100;ES
Rolex Oyster Perpetual Date;6500;ES
Rolex Datejust 41;14100;ES
Rolex Lady-Datejust;6500;ES
Rolex Oyster Perpetual Date;4790;ES
Rolex Oyster Perpetual 34;3500;ES
Rolex Datejust 36;6800;ES
Rolex Daytona;29400;ES
Rolex Oyster Perpetual Date;6200;ES
Rolex Datejust 36;16800;ES
Rolex Oyster Perpetual Date;4500;ES
Rolex Submariner Date;13900;ES
Rolex Datejust 36;6990;ES
Rolex Submariner Date;15500;ES
Rolex Datejust 36;5100;ES
Rolex Oyster Perpetual Date;4250;ES
Rolex Oyster Perpetual Date;4200;ES
Rolex Oyster Perpetual Date;3650;ES
Rolex Oyster Perpetual Lady Date;4200;ES
Rolex Submariner Date;11400;ES
Rolex Oyster Perpetual;3600;ES
Rolex Lady-Datejust;3800;ES
Rolex Datejust 36;7000;ES
Rolex Oyster Perpetual Date;3990;ES
Rolex Daytona;35900;IT
Rolex Oyster Perpetual;2450;ES
Rolex Datejust 41;13100;ES
Rolex Oyster Perpetual Date;7800;ES
Rolex Oyster Perpetual Lady Date;2650;ES
Rolex Submariner Date;10150;ES
Rolex Submariner Date;51950;ES
Rolex GMT-Master II;24150;ES
Rolex Lady-Datejust;6000;ES
Rolex GMT-Master II;26250;ES
Rolex Oyster Perpetual Date;4380;ES
Rolex Air King;4550;ES
Rolex GMT-Master II;40650;ES
Rolex GMT-Master II;29950;ES
Rolex Sea-Dweller Deepsea;24250;ES
Rolex Explorer II;11900;ES
Rolex Oyster Perpetual Date;4600;ES
Rolex GMT-Master II;26250;ES
Rolex Submariner Date;12500;ES
Rolex Oyster Perpetual Date;5800;ES
Rolex Cellini;6000;ES
Rolex Datejust 36;9600;ES
Rolex Submariner (No Date);13269;ES
Rolex Daytona;65250;ES
Rolex Sky-Dweller;35495;ES
Rolex GMT-Master II;27350;ES
Rolex Daytona;40650;ES
Rolex Yacht-Master;7100;ES
Rolex Submariner Date;11450;ES
Rolex Oyster Perpetual Lady Date;3000;ES
Rolex Oyster Perpetual Date;8000;ES
Rolex Datejust 36;7850;ES
Rolex Datejust 31;18890;ES
Rolex Day-Date 36;24500;ES
Rolex Air King;5900;ES
Rolex Datejust 36;8800;ES
Rolex Oyster Perpetual Date;4200;ES
Rolex Explorer II;9800;ES
Rolex Air King;4200;ES
Rolex Datejust 36;6180;ES
Rolex Datejust 41;16500;ES
Rolex Oyster Perpetual Lady Date;3000;ES
Rolex Datejust II;11500;ES
Rolex GMT-Master II;27350;ES
Rolex Oyster Perpetual 41;36000;ES
Rolex Submariner Date;34450;ES
Rolex Submariner Date;25250;ES
Rolex Datejust 41;18500;ES
Rolex GMT-Master II;26000;IT
Rolex Datejust 36;5500;RO
Rolex Datejust 36;6300;ES
Rolex GMT-Master II;16800;ES
Rolex Yacht-Master 40;10450;ES
Rolex Oyster Perpetual Date;5500;ES
Rolex Lady-Datejust;4500;ES
Rolex Daytona;23950;IT
Rolex GMT-Master II;43950;IT
Rolex Daytona;34450;ES
Rolex Submariner Date;22760;ES
Rolex Datejust 41;15000;ES
Rolex Oyster Perpetual 36;17300;ES
Rolex Submariner (No Date);14700;ES
Rolex Oyster Perpetual 31;7700;ES
Rolex Datejust Turn-O-Graph;9400;ES
Rolex GMT-Master II;23000;ES
Rolex Oyster Perpetual 36;12500;ES
Rolex Oyster Perpetual 36;12500;ES
Rolex Datejust 41;15000;ES
Rolex Datejust 41;15500;ES
Rolex Datejust 41;14500;ES
Rolex Datejust 41;15500;ES
Rolex Oyster Perpetual Date;4450;ES
Rolex Oysterdate Precision;3200;ES
Rolex Submariner Date;16500;ES
Rolex Day-Date 40;46000;ES
Rolex Daytona;55900;ES
Rolex Lady-Datejust;6400;ES
Rolex Day-Date 40;102000;ES
Rolex Daytona;35000;ES
Rolex Datejust 41;14500;ES
Rolex Day-Date 36;42500;ES
Rolex Daytona;24900;ES
Rolex Datejust 36;12500;ES
Rolex GMT-Master II;22500;ES
Rolex Air King;5500;ES
Rolex GMT-Master II;19500;PL
Rolex Explorer;15000;ES
Rolex GMT-Master II;27500;ES
Rolex Datejust Oysterquartz;6928;ES
Rolex Datejust 31;27800;ES
Rolex GMT-Master II;80000;ES
Rolex Air King;6450;ES
Rolex Oysterdate Precision;4890;ES
Rolex Oyster Perpetual Date;6200;ES
Rolex Yacht-Master 42;53845;ES
Rolex Datejust 41;16700;ES
Rolex Oyster Perpetual Date;4650;ES
Rolex Day-Date 36;58500;ES
Rolex Lady-Datejust;4700;ES
Rolex GMT-Master II;23000;ES
Rolex GMT-Master II;20000;ES
Rolex Submariner Date;;ES
Rolex Datejust 41;;ES
Rolex Day-Date 36;81000;ES
Rolex Explorer II;15000;ES
Rolex Sky-Dweller;55500;ES
Rolex Day-Date 40;45500;ES
Rolex Datejust 41;17000;ES
Rolex Daytona;77500;NL
Rolex GMT-Master II;20283;US
Rolex Sky-Dweller;43000;ES
Rolex Lady-Datejust Pearlmaster;32000;ES
Rolex Yacht-Master 40;14500;ES
Rolex Daytona;39500;ES
Rolex GMT-Master II;44500;ES
Rolex Submariner (No Date);13000;ES
Rolex Sky-Dweller;63500;ES
Rolex Submariner (No Date);15500;ES
Rolex Datejust 31;17500;ES
Rolex Datejust 41;18000;ES
Rolex Oyster Perpetual 36;18000;ES
Rolex Datejust 41;14500;ES
Rolex Datejust 41;18500;ES
Rolex Daytona;35950;ES
Rolex Daytona;31000;ES
Rolex Day-Date 36;;ES
Rolex Datejust 41;20200;ES
Rolex Sky-Dweller;29000;ES
Rolex Lady-Datejust;13800;ES
Rolex Datejust 41;14151;US
Rolex Daytona;82000;ES
Rolex Daytona;26000;ES
Rolex Daytona;32950;NL
Rolex Datejust 41;13500;ES
Rolex Submariner Date;17000;ES
Rolex Day-Date 40;76000;ES
Rolex Datejust 36;15500;ES
Rolex Datejust 41;16000;ES
Rolex Lady-Datejust;9500;ES
Rolex Oyster Perpetual 34;7800;ES
Rolex Day-Date 40;59500;ES
Rolex Yacht-Master 40;60000;ES
Rolex Lady-Datejust;13500;ES
Rolex Lady-Datejust;10000;ES
Rolex GMT-Master II;50500;ES
Rolex GMT-Master II;20500;ES
Rolex Air King;10500;ES
Rolex Datejust 41;18500;ES
Rolex Sky-Dweller;21500;ES
Rolex Datejust 36;14500;ES
Rolex Submariner Date;16500;ES
Rolex Datejust 36;13500;ES
Rolex GMT-Master II;22000;ES
Rolex GMT-Master II;22000;ES
Rolex Datejust 36;12500;ES
Rolex Explorer II;13700;ES
Rolex Submariner Date;19000;ES
Rolex Daytona;55000;NL
Rolex Submariner Date;17000;ES
Rolex Explorer;11000;ES
Rolex Datejust 31;;ES
Rolex Day-Date 40;;ES
Rolex Daytona;60000;ES
Rolex Datejust 36;18800;ES
Rolex GMT-Master II;52000;ES
Rolex GMT-Master II;55000;ES
Rolex Day-Date 40;60000;ES
Rolex GMT-Master II;18500;ES
Rolex Datejust 31;13500;ES
Rolex Datejust 36;15500;ES
Rolex Datejust 36;18000;ES
Rolex GMT-Master II;66500;ES
Rolex Submariner Date;;ES
Rolex Explorer;6600;ES
Rolex Oyster Perpetual 41;10000;ES
Rolex Datejust 36;13000;ES
Rolex Daytona;50000;ES
Rolex Lady-Datejust;3990;ES
Rolex Oyster Perpetual 36;;ES
Rolex Submariner Date;16800;ES
Rolex Sky-Dweller;57500;ES
Rolex GMT-Master II;22500;ES
Rolex Daytona;68000;ES
Rolex GMT-Master II;21000;ES
Rolex Sky-Dweller;23000;ES
Rolex Daytona;61000;ES
Rolex GMT-Master II;19000;ES
Rolex Sky-Dweller;20500;ES
Rolex Oyster Perpetual Date;5450;ES
Rolex Oyster Perpetual 41;45000;ES
Rolex Yacht-Master II;38950;NL
Rolex Lady-Datejust;2990;ES
Rolex Lady-Datejust;5400;ES
Rolex Oyster Perpetual Date;4100;ES
Rolex GMT-Master II;14950;ES
Rolex Oyster Perpetual Date;11900;ES
Rolex Daytona;39750;ES
Rolex Datejust 36;4490;ES
Rolex Cellini;5590;ES
Rolex Submariner Date;29900;ES
Rolex Explorer II;10500;ES
Rolex Datejust Turn-O-Graph;11400;ES
Rolex Datejust Turn-O-Graph;29500;ES
Rolex Submariner Date;17800;ES
Rolex Oyster Perpetual;3790;ES
Rolex Oyster Perpetual Date;4950;ES
Rolex Oyster Perpetual;3190;ES
Rolex Air King;8100;ES
Rolex Lady-Datejust;5890;ES
Rolex Cellini;4290;ES
Rolex Daytona;42500;IT
Rolex Air King;5790;ES
Rolex GMT-Master II;14000;ES
Rolex Datejust 36;4600;IT
Rolex Lady-Datejust;7490;ES
Rolex Submariner (No Date);19500;ES
Rolex Submariner Date;11400;ES
Rolex Datejust 36;12700;ES
Rolex Submariner Date;12500;ES
Rolex Submariner Date;10900;IT
Rolex Yacht-Master 40;15900;ES
Rolex Oyster Perpetual 31;9100;IT
Rolex GMT-Master II;14500;ES
Rolex Oyster Perpetual Lady Date;3436;ES
Rolex Cellini;4700;ES
Rolex Oyster Perpetual 34;3845;ES
Rolex Datejust 36;9900;ES
Rolex GMT-Master;24000;ES
Rolex Daytona;90000;ES
Rolex Cellini;2975;ES
Rolex;10000;ES
Rolex Datejust 36;11200;ES
Rolex Submariner Date;11400;ES
Rolex Submariner Date;13000;ES
Rolex Oyster Perpetual 26;6200;ES
Rolex Explorer II;24000;ES
Rolex Daytona;153000;IT
Rolex;3999;ES
Rolex Explorer;18000;IT
Rolex Daytona;94000;IT
Rolex Daytona;205000;IT
Rolex GMT-Master;90000;IT
Rolex Day-Date 36;28300;IT
Rolex Datejust 36;5200;IT
Rolex Daytona;36500;IT
Rolex Sea-Dweller;53500;IT
Rolex Oyster Perpetual Lady Date;3436;ES
Rolex Datejust 36;90000;IT
Rolex Lady-Datejust;5200;ES
Rolex Cellini;3600;ES
Rolex Submariner Date;9500;ES
Rolex Oyster Perpetual 31;4500;ES
Rolex Sea-Dweller 4000;16800;IT
Rolex Daytona;150000;IT
Rolex Daytona;265000;IT
Rolex Lady-Datejust;14000;ES
Rolex Milgauss;48000;IT
Rolex Oyster Perpetual 34;3700;ES
Rolex Daytona;116519;IT
Rolex Daytona;139000;IT
Rolex Day-Date 36;21500;IT
Rolex Daytona;25500;RO
Rolex Air King;3600;ES
Rolex Daytona;39000;IT
Rolex;3290;ES
Rolex Submariner (No Date);60000;IT
Rolex Sky-Dweller;20000;IT
Rolex Air King;12500;IT
Rolex Yacht-Master 42;34758;FR
Rolex Submariner Date;36500;ES
Rolex Sky-Dweller;24174;GR
Rolex GMT-Master II;55000;IT
Rolex Daytona;28000;ES
Rolex Day-Date 40;49900;IT
Rolex Oyster Perpetual 41;14500;RO
Rolex Submariner Date;22154;UK
Rolex GMT-Master;183000;IT
Rolex GMT-Master II;19200;AT
Rolex Yacht-Master;5800;ES
Rolex Datejust 41;13296;UK
Rolex Yacht-Master 42;29035;UK
Rolex Explorer II;12538;UK
Rolex Datejust 36;15300;IT
Rolex GMT-Master;34800;AT
Rolex Sky-Dweller;22037;UK
Rolex Daytona;47600;AT
Rolex Submariner Date;12300;IT
Rolex Yacht-Master II;39363;UK
Rolex Submariner Date;39000;IT
Rolex Datejust 41;12953;ES
Rolex Daytona;102000;IT
Rolex GMT-Master II;18900;IT
Rolex Daytona;41000;IT
Rolex GMT-Master II;50281;AU
Rolex GMT-Master II;22500;IT
Rolex Sky-Dweller;34481;US
Rolex Daytona;45585;AU
Rolex Daytona;38881;AU
Rolex Submariner Date;19769;UK
Rolex Day-Date 40;74057;US
Rolex Submariner Date;13990;UK
Rolex Daytona;25943;US
Rolex Sea-Dweller;14573;UK
Rolex Submariner Date;38500;AT
Rolex Datejust 41;11657;UK
Rolex Air King;12950;AT
Rolex Day-Date 40;48349;US
Rolex Sky-Dweller;54245;US
Rolex GMT-Master II;14764;US
Rolex GMT-Master II;42972;US
Rolex Lady-Datejust;18450;GR
Rolex Datejust 36;15156;UK
Rolex Daytona;56312;AU
Rolex Submariner Date;91000;IT
Rolex Submariner (No Date);33000;IT
Rolex Air King;4600;IT
Rolex GMT-Master II;23800;GR
Rolex Datejust 41;16900;GR
Rolex Day-Date 36;10849;US
Rolex GMT-Master II;21900;GR
Rolex GMT-Master II;18098;AU
Rolex GMT-Master;16684;US
Rolex Explorer II;8500;ES
Rolex GMT-Master II;19769;UK
Rolex Yacht-Master 40;15283;US
Rolex Cellini Time;13443;US
Rolex Daytona;23151;UK
Rolex GMT-Master II;13295;GR
Rolex Datejust 36;8850;IT
Rolex GMT-Master II;23000;IT
Rolex Cellini;3500;ES
Rolex Daytona;125960;UK
Rolex Daytona;25425;UK
Rolex Datejust 36;6200;IT
Rolex Submariner Date;13821;US
Rolex Submariner Date;24071;US
Rolex Daytona;22900;DE
Rolex Submariner Date;19890;DE
Rolex Datejust 36;5750;DE
Rolex Day-Date 36;13800;IT
Rolex Daytona;189900;IT
Rolex Daytona;39363;UK
Rolex Daytona;59608;US
Rolex Milgauss;13000;IT
Rolex Oyster Perpetual Date;11000;ES
Rolex Daytona;47500;IT
Rolex Submariner Date;26813;AU
Rolex GMT-Master II;44261;UK
Rolex Sea-Dweller;12500;ES
Rolex Submariner Date;17728;UK
Rolex Day-Date 36;33019;US
Rolex Daytona;60647;UK
Rolex Oyster Perpetual 36;9500;GR
Rolex GMT-Master;17350;DE
Rolex Pearlmaster;49568;UK
Rolex Day-Date 36;82547;US
Rolex Submariner Date;22250;DE
Rolex Oyster Perpetual 41;15500;ES
Rolex Day-Date 36;16038;US
Rolex Daytona;28866;UK
Rolex Oyster Perpetual 41;28500;DE
Rolex Datejust 41;13458;US
Rolex Daytona;125000;ES
Rolex Day-Date 36;18868;US
Rolex Submariner Date;12900;FR
Rolex Daytona;25943;US
Rolex Submariner Date;40529;UK
Rolex Submariner Date;23000;IT
Rolex Day-Date 40;52900;FR
Rolex Datejust 41;13349;US
Rolex GMT-Master II;21900;FR
Rolex Daytona;29900;FR
Rolex Daytona;21037;US
Rolex Daytona;58000;FR
Rolex Daytona;26321;US
Rolex Sky-Dweller;58257;UK
Rolex Day-Date 36;24057;US
Rolex Datejust 41;13005;US
Rolex Yacht-Master;14500;ES
Rolex Submariner Date;12264;US
Rolex Daytona;159000;FR
Rolex GMT-Master II;23900;IT
Rolex Day-Date 40;47406;US
Rolex Submariner Date;13585;US
Rolex Submariner Date;9151;US
Rolex Datejust 31;10250;US
Rolex Submariner Date;9906;US
Rolex Datejust 36;26500;IT
Rolex Submariner;165093;US
Rolex Oyster Perpetual;4199;ES
Rolex Submariner Date;22550;DE
Rolex Submariner Date;18868;US
Rolex Datejust 36;6508;US
Rolex Datejust 36;9099;US
Rolex Submariner Date;16750;DE
Rolex Day-Date 36;40000;ES
Rolex Explorer II;10950;DE
Rolex Daytona;38779;UK
Rolex Datejust 36;5700;GR
Rolex Datejust 41;12250;DE
Rolex Datejust 36;6250;DE
Rolex GMT-Master;30000;ES
Rolex Daytona;99000;DE
Rolex GMT-Master II;67000;DE
Rolex Sea-Dweller;100000;IT
Rolex GMT-Master;18200;ES
Rolex Oyster Perpetual 41;22950;AT
Rolex Datejust 41;9950;AT
Rolex GMT-Master II;12170;US
Rolex Datejust 36;6500;IT
Rolex Submariner (No Date);14500;FR
Rolex Oyster Perpetual 36;8175;US
Rolex Daytona;135000;IT
Rolex GMT-Master II;17627;US
Rolex Daytona;114150;US
Rolex GMT-Master;38000;IT
Rolex Oyster Perpetual 34;4500;IT
Rolex Daytona;36950;AT
Rolex Oyster Perpetual Lady Date;2200;IT
Rolex GMT-Master II;13750;AT
Rolex Milgauss;12450;GR
Rolex Day-Date 40;49950;DE
Rolex Datejust 41;13784;US
Rolex Lady-Datejust;3300;ES
Rolex Day-Date 40;41981;US
Rolex GMT-Master II;19950;DE
Rolex Datejust 41;17689;US
Rolex GMT-Master II;18571;US
Rolex Datejust 31;6800;IT
Rolex Datejust 41;15900;DE
Rolex Day-Date 36;16038;US
Rolex Datejust 36;5000;ES
Rolex Datejust II;9622;UK
Rolex Lady-Datejust;10900;DE
Rolex Submariner Date;12170;US
Rolex Day-Date 36;11321;US
Rolex GMT-Master II;12264;US
Rolex Sea-Dweller;109000;IT
Rolex Submariner Date;14750;AT
Rolex Yacht-Master;18868;US
Rolex GMT-Master II;19056;US
Rolex Explorer II;10950;AT
Rolex Yacht-Master 40;10283;US
Rolex Air King;4500;IT
Rolex Lady-Datejust;5425;US
Rolex GMT-Master II;20900;FR
Rolex Datejust II;9340;US
Rolex Yacht-Master 40;28500;IT
Rolex Daytona;34434;US
Rolex Day-Date 36;60000;IT
Rolex Daytona;44319;UK
Rolex Daytona;215093;US
Rolex Air King;7547;US
Rolex Datejust 41;10850;AT
Rolex Datejust 41;12900;FR
Rolex Submariner Date;17736;US
Rolex Datejust 41;16508;US
Rolex Day-Date 40;37075;US
Rolex Day-Date 36;75472;US
Rolex Yacht-Master 37;25565;US
Rolex Day-Date 40;75093;US
Rolex Day-Date 40;130093;US
Rolex Datejust 36;7750;DE
Rolex Submariner Date;38950;AT
Rolex Datejust 36;10900;FR
Rolex Daytona;26850;DE
Rolex GMT-Master II;26850;DE
Rolex Daytona;40850;DE
Rolex Datejust 36;5000;DE
Rolex Daytona;30000;ES
Rolex GMT-Master II;33018;US
Rolex Datejust 36;39000;IT
Rolex GMT-Master II;21450;DE
Rolex Lady-Datejust;21697;US
Rolex Daytona;45093;US
Rolex Daytona;31950;DE
Rolex GMT-Master;35000;ES
Rolex Oyster Perpetual Date;3500;ES
Rolex Cellini Prince;14000;IT
Rolex GMT-Master II;165093;US
Rolex Lady-Datejust;19810;US
Rolex Datejust 41;16980;US
Rolex Day-Date II;41745;US
Rolex Submariner Date;75000;IT
Rolex Explorer;8300;IT
Rolex Oyster Perpetual 41;9750;DE
Rolex Datejust 41;19890;DE
Rolex Oyster Perpetual 41;10500;FR
Rolex Daytona;26490;DE
Rolex Daytona;58018;US
Rolex Daytona;28490;DE
Rolex Daytona;23850;DE
Rolex Datejust 36;6604;US
Rolex Day-Date 40;55490;DE
Rolex Submariner Date;9670;US
Rolex GMT-Master II;18952;UK
Rolex Submariner Date;18000;ES
Rolex Day-Date 40;68018;US
Rolex Day-Date 36;140093;US
Rolex GMT-Master;33000;IT
Rolex Lady-Datejust;49056;US
Rolex Datejust 36;20754;US
Rolex Sea-Dweller;15250;DE
Rolex Daytona;18999;DE
Rolex Day-Date 36;36000;ES
Rolex Datejust 41;17452;US
Rolex GMT-Master II;14850;DE
Rolex Day-Date 36;135093;US
Rolex Datejust 41;13900;FR
Rolex Datejust 41;13193;US
Rolex Daytona;124900;DE
Rolex Submariner Date;16950;DE
Rolex Daytona;31970;US
Rolex Sea-Dweller 4000;11000;IT
Rolex Submariner Date;20850;DE
Rolex Daytona;34550;DE
Rolex Datejust 36;14900;FR
Rolex GMT-Master II;19990;DE
Rolex Sky-Dweller;25000;US
Rolex Submariner Date;18290;DE
Rolex Sky-Dweller;52546;US
Rolex Yacht-Master 40;16850;DE
Rolex Day-Date 36;18113;US
Rolex Daytona;41989;DE
Rolex Datejust 41;13850;DE
Rolex Sky-Dweller;22546;US
Rolex Yacht-Master II;23168;US
Rolex Datejust 41;14150;US
Rolex Daytona;25900;DE
Rolex Submariner Date;24950;DE
Rolex Oyster Perpetual Date;7750;AT
Rolex Submariner Date;17450;DE
Rolex GMT-Master II;17950;DE
Rolex GMT-Master II;20900;DE
Rolex Datejust 41;15790;DE
Rolex Datejust 41;16000;ES
Rolex Day-Date 36;31999;DE
Rolex Submariner Date;32999;DE
Rolex Datejust 41;13600;DE
Rolex Air King;13500;DE
Rolex Datejust 36;14900;DE
Rolex Day-Date 40;47064;US
Rolex Day-Date 36;36000;IT
Rolex Lady-Datejust;23584;US
Rolex GMT-Master;34500;IT
Rolex Explorer II;10100;DE
Rolex Day-Date 40;47900;DE
Rolex Daytona;24500;GR
Rolex;4500;ES
Rolex GMT-Master II;18762;US
Rolex Yacht-Master II;18655;UK
Rolex GMT-Master II;17600;DE
Rolex Sky-Dweller;53668;US
Rolex Submariner Date;19450;DE
Rolex Submariner Date;14514;US
Rolex Lady-Datejust;11320;US
Rolex Datejust 41;14137;US
Rolex Datejust 36;6697;US
Rolex Explorer II;12972;US
Rolex Day-Date 40;47406;US
Rolex Lady-Datejust;6698;US
Rolex Datejust;12500;ES
Rolex Yacht-Master 40;15550;AT
Rolex Air King;4599;US
Rolex Datejust 36;6000;IT
Rolex Day-Date 36;40093;US
Rolex Daytona;27999;DE
Rolex Daytona;75366;US
Rolex Daytona;46594;UK
Rolex Submariner Date;14900;DE
Rolex Sea-Dweller;16875;US
Rolex Datejust 41;17924;US
Rolex Datejust 41;13349;US
Rolex Daytona;28196;US
Rolex Submariner Date;14045;US
Rolex Submariner Date;16990;DE
Rolex GMT-Master II;26143;AU
Rolex GMT-Master;22990;DE
Rolex Submariner (No Date);13990;DE
Rolex Datejust 36;6037;US
Rolex Sky-Dweller;37028;US
Rolex Day-Date 36;39950;DE
Rolex Sea-Dweller;40000;ES
Rolex Day-Date 36;24000;ES
Rolex Daytona;81900;IT
Rolex Datejust II;10199;DE
Rolex Lady-Datejust;16980;US
Rolex Submariner Date;19900;FR
Rolex Submariner Date;12590;DE
Rolex Daytona;51781;US
Rolex Datejust 36;16037;US
Rolex Sky-Dweller;24764;US
Rolex Datejust 41;14450;DE
Rolex Day-Date;84800;US
Rolex;6132;US
Rolex GMT-Master II;19706;US
Rolex Explorer II;40000;ES
Rolex GMT-Master II;48900;FR
Rolex Submariner Date;18715;GR
Rolex Daytona;41900;FR
Rolex Oyster Perpetual 41;10850;DE
Rolex GMT-Master II;19652;UK
Rolex Submariner Date;60000;ES
Rolex GMT-Master II;19056;US
Rolex Daytona;375093;US
Rolex Submariner (No Date);13405;AU
Rolex Datejust 41;16999;DE
Rolex Daytona;22500;IT
Rolex Day-Date 40;54950;DE
Rolex Milgauss;11850;AT
Rolex Datejust 31;7100;IT
Rolex Lady-Datejust;7200;ES
Rolex Lady-Datejust;5100;IT
Rolex Datejust 36;7200;IT
Rolex Daytona;51886;US
Rolex Day-Date 36;21000;ES
Rolex Datejust 36;9600;ES
Rolex GMT-Master II;20411;GR
Rolex Daytona;34505;US
Rolex;21000;ES
Rolex Daytona;131840;US
Rolex Submariner (No Date);21000;ES
Rolex Sky-Dweller;300093;US
Rolex Oyster Perpetual 41;22000;GR
Rolex Submariner Date;17819;US
Rolex GMT-Master;17500;ES
Rolex Submariner Date;19500;ES
Rolex Lady-Datejust;4600;ES
Rolex Oyster Perpetual Date;12000;ES
Rolex Yacht-Master 40;33857;US
Rolex Yacht-Master 37;14590;DE
Rolex Datejust 36;5500;ES
Rolex Daytona;38999;DE
Rolex Daytona;28827;ES
Rolex Sea-Dweller;19741;US
Rolex Sea-Dweller 4000;18019;UK
Rolex Sea-Dweller 4000;15950;DE
Rolex Submariner Date;18690;DE
Rolex Submariner (No Date);11290;DE
Rolex Datejust 31;7000;ES
Rolex Submariner Date;11800;DE
Rolex Oysterdate Precision;5190;DE
Rolex Air King;8790;DE
Rolex Yacht-Master II;21950;DE
Rolex Datejust 36;9750;DE
Rolex Cellini;3000;ES
Rolex Submariner Date;19900;DE
Rolex Submariner (No Date);12158;US
Rolex Sky-Dweller;21294;US
Rolex Daytona;36575;US
Rolex Sky-Dweller;42950;DE
Rolex Datejust Turn-O-Graph;8773;US
Rolex Submariner Date;15093;US
Rolex Datejust 31;17290;DE
Rolex Yacht-Master II;47546;US
Rolex GMT-Master II;38018;US
Rolex GMT-Master;14500;ES
Rolex Daytona;39500;IT
Rolex Daytona;21990;DE
Rolex Datejust 41;10272;US
Rolex Submariner Date;13500;ES
Rolex Daytona;22159;ES
Rolex Daytona;25472;US
Rolex Sky-Dweller;20950;DE
Rolex Datejust 41;10890;DE
Rolex Daytona;51619;AU
Rolex Lady-Datejust;7299;DE
Rolex Datejust 36;6490;DE
Rolex Submariner Date;14250;DE
Rolex Explorer II;8850;DE
Rolex GMT-Master II;24450;DE
Rolex Day-Date 36;22170;US
Rolex Sea-Dweller 4000;9850;DE
Rolex Daytona;42347;US
Rolex GMT-Master II;23851;UK
Rolex Datejust Oysterquartz;35000;DE
Rolex Day-Date 36;9000;ES
Rolex GMT-Master II;14950;DE
Rolex Sea-Dweller Deepsea;16550;DE
Rolex Yacht-Master II;19340;US
Rolex Sea-Dweller;38000;ES
Rolex Submariner (No Date);14000;ES
Rolex Submariner (No Date);11250;DE
Rolex Datejust 41;11875;US
Rolex Datejust 41;14990;DE
Rolex Daytona;135500;DE
Rolex Datejust 41;15576;US
Rolex Sky-Dweller;28769;US
Rolex Datejust 41;14858;US
Rolex Day-Date 36;19950;DE
Rolex Daytona;48950;DE
Rolex Datejust 36;6603;US
Rolex Daytona;45000;ES
Rolex Oyster Perpetual 31;6225;US
Rolex GMT-Master II;20450;DE
Rolex Lady-Datejust;26224;US
Rolex Daytona;26320;US
Rolex GMT-Master II;17547;US
Rolex Sky-Dweller;43291;US
Rolex Datejust 41;15519;US
Rolex Yacht-Master 40;15950;DE
Rolex Daytona;23650;DE
Rolex Submariner Date;37736;US
Rolex Datejust 36;12422;US
Rolex Submariner Date;18000;IT
Rolex Cellini;5000;ES
Rolex Daytona;53500;IT
Rolex Sea-Dweller;26000;IT
Rolex Daytona;45486;UK
Rolex Submariner Date;14950;DE
Rolex Daytona;21518;UK
Rolex Submariner Date;14750;AT
Rolex;16800;GR
Rolex GMT-Master II;22642;US
Rolex GMT-Master;49500;IT
Rolex Datejust 36;6990;DE
Rolex Oyster Perpetual Date;8000;ES
Rolex Submariner (No Date);9622;UK
Rolex Datejust 36;6500;IT
Rolex Submariner Date;37390;DE
Rolex Daytona;26887;US
Rolex Daytona;39648;UK
Rolex Milgauss;12521;US
Rolex Datejust 36;11740;DE
Rolex Yacht-Master 40;15090;US
Rolex Submariner Date;17600;DE
Rolex Day-Date 36;22170;US
Rolex Datejust;10000;ES
Rolex Daytona;47760;UK
Rolex Daytona;42347;US
Rolex Lady-Datejust;14150;US
Rolex Datejust 36;11780;UK
Rolex GMT-Master II;39648;UK
Rolex Cellini Dual Time;18867;US
Rolex GMT-Master II;11657;UK
Rolex Daytona;109618;US
Rolex GMT-Master II;21500;IT
Rolex Day-Date Oysterquartz;16300;DE
Rolex Datejust 36;9434;US
Rolex Oyster Perpetual 41;9900;FR
Rolex Daytona;78568;UK
Rolex Datejust 36;5754;US
Rolex Submariner Date;30000;ES
Rolex Sea-Dweller Deepsea;18950;DE
Rolex Submariner Date;8915;US
Rolex Day-Date 40;147492;AU
Rolex Daytona;50000;ES
Rolex Milgauss;10093;US
Rolex Explorer II;15200;DE
Rolex Submariner Date;12990;DE
Rolex Lady-Datejust;6700;ES
Rolex Submariner Date;28300;DE
Rolex Daytona;78750;DE
Rolex Datejust 41;12940;DE
Rolex Sea-Dweller Deepsea;15750;DE
Rolex Submariner (No Date);14056;US
Rolex Submariner Date;16800;DE
Rolex Oyster Perpetual 41;8950;AT
Rolex Submariner Date;16950;DE
Rolex Day-Date 40;100562;AU
Rolex Day-Date 36;16648;US
Rolex Datejust 36;7299;DE
Rolex;95000;IT
Rolex Submariner Date;43000;IT
Rolex Daytona;36750;DE
Rolex Datejust 41;14400;DE
Rolex Sea-Dweller 4000;14000;DE
Rolex Daytona;39000;IT
Rolex Yacht-Master 37;13121;UK
Rolex Daytona;43736;UK
Rolex Lady-Datejust;9000;IT
Rolex Datejust 36;9272;UK
Rolex GMT-Master II;66150;DE
Rolex Submariner (No Date);15000;ES
Rolex Oyster Perpetual 41;9272;UK
Rolex Datejust 41;12500;GR
Rolex Sea-Dweller;29495;AU
Rolex Submariner Date;29157;UK
Rolex Datejust 36;6100;IT
Rolex Oyster Perpetual 41;16800;DE
Rolex;5600;ES
Rolex Daytona;28019;US
Rolex Datejust 36;7200;ES
Rolex Datejust 36;7100;IT
Rolex GMT-Master;13915;US
Rolex GMT-Master II;16990;DE
Rolex Day-Date 36;18000;ES
Rolex Sea-Dweller Deepsea;16037;US
Rolex Datejust Turn-O-Graph;10500;ES
Rolex Daytona;255000;IT
Rolex Lady-Datejust;4900;IT
Rolex Daytona;60093;US
Rolex Datejust 31;18867;US
Rolex GMT-Master II;44450;DE
Rolex GMT-Master II;25700;DE
Rolex Day-Date 36;14500;ES
Rolex Datejust II;11955;UK
Rolex Lady-Datejust;11320;US
Rolex GMT-Master II;17500;ES
Rolex Submariner (No Date);12390;DE
Rolex Day-Date 40;47637;US
Rolex Datejust 36;11690;FI
Rolex Datejust 41;20282;US
Rolex Milgauss;12594;US
Rolex Submariner Date;14368;PL
Rolex Daytona;37500;US
Rolex Oyster Perpetual 41;13112;US
Rolex GMT-Master II;17750;AT
Rolex Submariner Date;17783;US
Rolex Explorer;8456;UK
Rolex Daytona;36509;US
Rolex Day-Date 36;16328;UK
Rolex;1800;ES
Rolex Datejust 31;15490;DE
Rolex Sea-Dweller Deepsea;17819;US
Rolex Oyster Perpetual Date;6500;ES
Rolex Daytona;35000;ES
Rolex Submariner Date;11371;UK
Rolex Air King;4999;DE
Rolex Milgauss;13600;ES
Rolex Day-Date 40;64140;UK
Rolex Air King;4600;IT
Rolex Datejust 31;7289;UK
Rolex GMT-Master;28000;ES
Rolex GMT-Master II;21576;UK
Rolex Lady-Datejust;5656;US
Rolex Day-Date 40;85376;US
Rolex Yacht-Master 40;13443;US
